merchant,days_since_last_tx
0002b63b92,593.5
00057d4302,514.1
000bcff341,508.5
000ddbf0ca,576.8
001f7b7a4f,303.5
0020aefbd9,191.8
0026f256ac,472.3
0037a192b4,101.3
0042aadfdf,199.6
0047f556b5,378.1
004d02cb10,423.0
0052daeb66,519.8
005c218139,123.5
006ec5f506,116.6
007364b02a,416.6
0082de98e9,167.5
0085991c76,479.1
0097b9f523,147.1
00b2163249,265.4
00e7748c5b,517.3
00ffc7c38b,337.3
010749c732,324.2
011959dcd5,434.7
0125d43ba4,612.7
013cc2cd06,610.8
0149d4bfba,546.4
014aa7f11d,239.8
014d46a7cd,103.7
014de96817,337.5
0153aebab1,211.9
015f6dc983,226.7
0169821ba4,200.4
017130662b,110.1
01741912b7,279.6
01874bc7cf,628.3
019fe8da31,123.8
01c89d040b,93.9
01d7aab444,120.2
01eefd282c,388.3
01f6668962,232.5
020fc8300d,147.4
02195f8d1a,188.6
0221954dfe,424.3
0240e64f70,470.8
024eba0e34,165.5
0252834ede,141.1
026c361940,547.9
0276515bcb,113.2
02794a5ea5,587.0
028d01b0c5,452.3
0290e4ad90,377.5
0294660a13,225.5
029a0ed7d7,127.5
029b8d26b9,117.3
02a42d9d45,119.0
02ac035459,274.6
02b7b7aa1e,189.9
02bb6bfb29,207.5
02c35b47d1,450.5
02cd94ff7d,596.5
02d3459d0d,117.3
02da898d61,708.4
02dde18913,170.7
02e818eee6,464.7
02ec54dace,91.1
02ed6949fb,159.7
02ee7421cd,209.5
02efdb900e,113.1
02f0ea4a07,323.8
030a36dac7,308.4
03121e8b2a,463.3
031a1e757f,153.5
031a3fd660,471.8
0320bfd688,347.4
03291c8513,471.2
032e4ed5f5,548.6
0330ec3b09,210.1
03413dc039,398.0
03443436a6,128.4
03449da1e0,94.3
034fc4eb19,404.5
03646ab0ac,176.8
0369c5ceb3,446.7
039a44c951,94.9
039eee412f,221.6
03b2c009ac,133.4
03c0cdb80d,105.4
03c4d7917f,148.2
03c9730422,400.3
03cd2d8d46,113.5
03e975f0a7,152.2
040527ae9b,152.0
04056f3ad9,93.5
0422b3d34e,102.4
0429c84fdf,177.3
042cfb087c,99.3
042df1c724,585.7
0443f05716,214.3
04523ba98a,535.5
045298a8d0,326.0
045a1c428b,272.6
045b24ba31,407.7
045b70226b,103.5
046802909f,454.9
04763c9a83,136.1
048665266d,289.7
048e90b002,128.9
049c02b52c,285.3
04a4b501b9,466.5
04a9a88e94,208.8
04b048edb3,222.3
04b2dc3bef,137.6
04c20ed040,492.6
04c505cbb7,197.3
04c598cd61,222.4
04d3cda5c2,232.5
04d530d1f3,396.2
04dcd64a6c,188.4
04df022867,432.4
04e034b056,210.6
04e9b7151f,204.6
04ec60b431,149.5
050193a290,478.6
0502d0f26e,528.2
05231c0e87,488.6
053fce921c,90.5
054eaade5d,265.5
0554fd0092,389.1
05632f1f20,148.1
056a6336bd,535.6
057a385c81,258.3
0585329a8e,371.7
058879b0a0,251.2
059896f2b3,359.7
0599b37f20,326.3
059f618474,567.3
05a9008f40,562.1
05c507156d,241.5
05cce5553f,569.4
05e153fa55,193.4
05f194dc09,333.7
05f58dab9f,220.7
05f7079ee2,695.3
06076d055c,191.8
060c3d600d,122.8
060f0d8044,499.5
0616546a43,571.6
0621494b75,144.4
0622a7adb5,458.3
06335890c6,485.5
0633fd0997,534.9
06430cccbf,242.3
06507ea87c,237.6
06584584d0,408.3
0658faddd3,91.3
065c0314c0,321.5
0683bf4cbe,424.6
069a853a27,448.7
06a3883e9e,193.5
06b54b8e90,348.7
06b620588a,123.4
06cfe42c88,172.4
06d30e9933,592.7
06d8f8eb2b,176.4
06dd44a157,234.4
06e2f76af2,227.3
06f1f36773,192.8
06f6b8950b,230.3
06fde885e9,310.4
0710329a79,477.5
071b8458d7,591.3
071c58ca63,167.7
072190128d,582.7
07474ff1b3,174.4
075d0b212f,432.6
075e1884cc,243.6
07772823a7,157.4
0795f8b43f,152.4
0799af98a2,556.4
07a69c302b,162.8
07ac12f30c,325.7
07b2f186c2,97.5
07bca2628f,292.3
07c988e894,201.2
07e13536d0,486.6
07e2c817a1,155.6
07e69164b6,173.0
07eaf7531c,120.1
07f6e186bc,121.5
07fef2abe3,122.7
0812c61fff,91.8
08133d3feb,431.4
0817df113e,416.4
081dd229f9,252.6
08272ad469,219.2
08289a8ff8,536.7
082df6d10c,108.4
0832666b9e,409.3
08346edce3,117.3
0838e4078e,148.5
083988f3ed,288.8
083abbf551,102.4
083d89f996,108.5
084d37cc87,295.7
085387bf38,95.4
0855daecdf,95.2
085675f973,115.8
0858e2eec9,520.6
0869e40980,300.3
086f4ab64f,159.7
08724a78fd,569.4
08b5bdcc50,319.4
08bd1a5e18,487.3
08c0acfdf4,445.1
08da2d4cbe,568.6
08dacaed7d,118.2
08dbcb19eb,246.2
08e3774a3d,120.4
08f8b065b2,252.5
09040f9ece,98.4
090819f8b4,157.8
090958289c,107.2
090b2e8722,300.7
091608d7fe,112.7
092266f14e,372.1
094ba7fc93,188.4
095858d6a7,288.4
09689dc3f0,480.4
096abf1fc1,226.5
096d61582c,334.2
096ee20988,514.2
097dada110,158.5
0990beebc5,237.6
09ae80dcb7,244.4
09b5e3d475,457.4
09bfac874f,98.5
09c9956adc,341.5
09cd9bce5c,121.8
09d48e6360,540.4
09de1ec789,298.4
09ee333b51,197.7
09efcfb391,541.7
09ff247913,316.2
0a0167fbdb,592.8
0a058df9f0,411.3
0a24fde08d,373.3
0a2a27ce09,159.5
0a309e574d,157.2
0a36ae43c9,236.6
0a4d004307,137.7
0a58093177,193.7
0a6ddecc17,153.8
0a7cabbe5d,238.4
0a7e135108,162.4
0a90229a60,639.3
0a92d44d9f,483.1
0a97bb20a5,124.2
0aaab17751,380.2
0abe66f34e,90.7
0abf34ad85,229.5
0ac20d2d30,197.3
0ac251e107,123.3
0ad401bfd2,149.7
0ae0a21133,314.4
0aead46726,349.3
0af1ab9c9c,610.9
0af965e599,290.7
0afee62800,99.4
0b0ea71d37,146.0
0b17be7b2a,496.2
0b246fcfef,278.6
0b362b2808,351.2
0b3772bc42,429.7
0b410417da,243.4
0b539789f9,184.8
0b574b35f6,126.4
0b63d005d4,308.6
0b6efe38c8,353.3
0b722eb558,185.3
0b72977b08,182.9
0b7af3c1b0,420.3
0b83e16799,262.7
0b997b5f1b,407.2
0ba1c81e18,312.5
0ba41a5eba,362.6
0ba5bcfca9,102.3
0bb86502f7,110.5
0bb915497a,348.2
0bbc1ca47d,243.1
0bc02576d0,571.5
0bcd3c6786,125.3
0bcf8c35cc,348.2
0bd33f73df,90.7
0bd9f2e4c1,130.4
0bf85a1700,184.9
0bf8e4a947,492.5
0bf97b25d1,424.6
0c012ea0f1,299.3
0c0a3bca11,581.6
0c104de64d,237.3
0c41bc0e25,175.5
0c4870a29c,269.3
0c7682e1fa,472.5
0c7ddb67ee,312.3
0c85a496e7,564.7
0c921efcd7,455.0
0ca7e35992,277.2
0cb0179765,150.1
0cb8d40c46,209.4
0cce25f27e,144.5
0cdd8f9a9a,166.6
0cec9f5811,153.2
0cf3a4dbe4,109.5
0cfe60ebd0,466.5
0d0396bd2c,102.5
0d211411e8,109.9
0d2764441e,345.5
0d2d6f3872,247.3
0d38676fad,490.5
0d3e630e6d,97.5
0d4e3d1fd0,464.5
0d4f683729,173.7
0d5031dd6a,425.7
0d68b74d3f,439.5
0d71e05644,367.3
0d7738b958,155.2
0d872bca32,192.3
0d8c24e362,435.1
0d910b4d1b,136.7
0d9798b5cd,470.6
0d9833a896,353.3
0da551e393,447.7
0daf2fd0f0,489.2
0db1953624,473.3
0db1ae0e81,478.3
0db5655e9d,105.3
0dc8ce3948,162.7
0dca827aba,397.2
0de98278f9,314.4
0df0c17136,552.2
0df19d9816,676.4
0dfbc66693,101.8
0dfcc5c19d,121.3
0dfce273eb,229.5
0e080e18c1,437.8
0e1ba4f742,339.3
0e21c7d63a,479.4
0e31f264a4,676.7
0e342ef6d4,175.7
0e4cd290b9,131.1
0e584587fc,621.4
0e5f13dbb0,719.6
0e6381ec09,362.4
0e668ac906,298.8
0e79ebb284,353.1
0e823bd74d,220.6
0e8bc14a74,365.5
0e8ebf89e9,149.5
0e8ef542d5,94.2
0ebec4b604,414.6
0ec3ad4bd4,151.4
0ec9f57f10,538.6
0ed30b752e,262.8
0ed595a6da,155.7
0ed850dfcd,242.4
0ef30be914,107.6
0f04dffa83,589.3
0f0b6c6d29,268.0
0f0cfba29d,368.2
0f1351b7a7,497.0
0f1c0108af,637.2
0f2d5219d0,243.7
0f4ccd8c6f,103.3
0f5d04243f,129.3
0f6a6fb94a,113.6
0f6ff4e984,424.6
0f856e41a9,348.0
0f8c34468f,281.1
0f917ba8e4,471.3
0f932901c2,334.3
0f9a0f781f,607.8
0f9b729157,135.2
0fa5598002,116.3
0faa296b36,617.7
0fb1804b6e,248.5
0fb349c6db,701.5
0fc9c50344,285.4
0fcaceb3b0,240.3
0fcadcf296,209.4
0fd36740e2,723.2
0fdafd32eb,345.3
0fdd41da98,217.2
0fdd9bd46c,175.6
0fed0b534f,533.1
0fedb46f21,468.1
0ff6b83ef0,418.3
0ffa8f174a,138.4
1.20E+80,518.8
1.50E+11,127.4
1.50E+36,200.7
1.59E+35,212.6
1002357002,322.5
10050a75fe,237.2
100ca319be,262.0
1010abcd79,162.7
101774b22a,668.4
101d0c7d90,113.1
1020d96aac,217.3
106d43dfe9,278.2
10708ba763,494.6
1070aa9b56,227.6
1071d8be34,123.6
1076588f29,234.6
108691b721,394.2
108865deb9,396.6
108d45de82,121.2
109609fe37,130.5
109b3af2f2,432.6
109ef16484,514.6
10b5ba2dfc,218.1
10bc865aa0,452.5
10d656a25f,266.4
10dd392719,340.2
10ec85b14e,112.4
10f60ffd1b,199.7
10f71240be,190.2
11181f6d9d,199.5
112bc44f39,164.2
1133d15e78,650.7
113c6e2055,115.2
1158f79eb4,684.4
115aa594e9,349.5
115acb617d,396.8
115bf25f6b,283.7
11700f6a64,281.6
11734170a6,315.2
11743ad96f,258.3
117ac05c93,95.4
1185d16b57,619.4
1187bdd21c,90.2
118805a91d,271.2
118e36d41f,225.3
11a25fdf2f,226.6
11a2bc3360,157.2
11ab9239d0,360.7
11b7c6a67a,186.2
11db110579,101.5
11df16d295,324.3
11e5237528,283.0
11f65fecdd,144.7
11ff8eab83,180.4
120fcde6bb,90.9
12125db321,172.9
12179dc0f0,226.6
1226624910,214.5
122ceb115c,365.5
122d9c0253,246.3
123de6713f,381.3
1241f0963e,185.3
124321be40,221.4
125275b322,342.4
125f26a6bc,375.1
1264d6bdce,139.3
12788ad222,256.1
1289b54c49,164.4
12923c0c32,118.4
12928fcedd,558.3
1292c5cec1,136.7
12a74bb315,202.6
12d2cbd52a,550.5
12da300c5c,456.3
12ecce9f0d,291.0
12fee582d8,243.7
130a9eefe2,129.6
131e785332,202.3
132921b1f4,390.7
13357b0f0f,207.4
13457a20fb,572.2
13615f80ce,530.2
13742f581e,582.5
137bbbe408,165.8
138000cadb,126.4
13816eb7aa,555.3
1386ab9a2f,355.2
13887fc5e3,180.2
138cbcba87,225.3
13a67b8336,585.7
13b4672b25,647.3
13b50e476f,107.7
13c7f0fe7a,207.9
13ccf022e5,273.4
13dc2dbc13,436.3
13ec1539dd,654.6
13efd60288,630.4
13f11a0685,543.1
13f1fd12c0,332.7
13f6ef5203,147.3
13fd2960ef,373.7
1402deb603,242.5
140e424756,612.0
140eebf9db,120.1
1415d6d567,450.6
14241f5031,147.8
142a17d8e3,656.7
146469480a,653.7
14671b74bd,248.0
147a135ecf,115.5
147cd24344,646.5
14942b60a0,563.2
14a715589a,262.7
14aaf54668,241.2
14b06b76ca,166.8
14bda6bd12,462.9
14bf0d42f9,419.6
14cea414a3,307.6
14d4bbfee8,313.3
14e338ae98,145.2
14f40731f3,181.8
14fb37c54a,116.5
14fe921e49,122.2
150579602e,127.6
151035d017,644.7
15208ed828,437.7
154aa2a187,389.1
155bf65c78,673.5
1577a750bb,578.2
1584641fc7,271.3
1585bd0dea,156.3
158e05f3e1,289.6
1598569db2,254.6
15c4c4655c,359.6
15d4721b59,107.1
15efc40166,270.6
15f742e0d1,596.9
16326bbb96,210.2
163391c2bf,219.6
1643f62942,445.7
164c1cae0a,250.2
164e50095e,445.5
165211ffda,402.5
1655a90627,95.5
166964b9e9,500.6
167acee425,711.4
16845f32c0,124.5
16855bcced,176.7
168c8a1d41,510.2
168d23f220,295.5
169841a251,212.4
169c26816a,193.5
16d27e0e60,137.7
16f1fb0376,131.3
16f23b6afc,96.8
16f81b7a25,101.2
16f83ada3e,267.3
16fe671dab,253.6
17103c910e,636.8
1712e5c1d9,277.4
1716b8a43a,313.5
1718d01b43,721.6
171ae632a7,668.0
172ebd7af6,329.0
17317b70ec,484.5
1732b09f94,121.6
1744c4c4fe,108.2
174b5259c0,616.4
1761f8b601,419.4
1768522077,266.6
1785c79ada,142.5
178e543a62,105.4
1794bfa562,333.3
17986674f8,245.6
179feddfe0,123.3
17a2ef7528,163.7
17a38bda07,278.4
17a975b080,305.2
17b1b2d202,102.4
17b66ae894,611.5
17be4373b0,239.5
17d15f6cf3,157.6
17ecc0fa2d,116.7
17f71fe442,133.6
17fbac38b3,246.5
182691710b,243.5
1833bb82ad,241.2
184ef830db,663.3
186fd2ae75,682.5
187fd6c488,628.2
1893d158f6,256.0
18bdd22f89,116.1
18c3d3f389,499.4
18cb7ccbf8,480.5
18cfe5cd08,313.7
18f6dc371e,281.0
1901a9c961,256.4
1910d748f5,160.7
191b30364f,225.5
191ec6544b,151.5
1922afdc41,246.4
192f266687,547.6
1943245ad9,359.6
194ab76277,547.2
194b7cb2f7,418.4
195efdadf4,109.5
19624f3547,352.6
196bbeaad4,171.3
197f6c5552,687.3
199c0c4959,470.5
199dd80af9,190.3
199fc897d8,277.8
199ffe6491,206.6
19a79b43e0,256.3
19afad4385,289.6
19b0430685,117.4
19bcdfd6a7,97.6
19e514b53c,206.8
19e93ea38c,178.5
19e9a94402,174.2
19ec50fc46,91.5
19fbc983e7,253.8
1a2bed1249,492.6
1a2e18049d,102.3
1a3a6336fe,237.0
1a6162ff42,288.5
1a644dd744,190.3
1a68ce0495,159.5
1a76c7da4f,389.4
1a7cb2cde7,712.1
1a7f80214a,657.6
1a81ddd8c8,463.8
1a928b7583,631.6
1a9eabd34f,253.9
1aab4502a1,406.3
1acf86e2bb,280.3
1ae423cee7,116.6
1ae9bc8a16,271.5
1aeb8c0d08,123.6
1af531e42f,312.4
1af5ed3442,109.7
1b019080dd,696.0
1b02f2ba3c,126.4
1b06434c16,668.4
1b2ac8c2bd,150.5
1b2f2370e3,522.8
1b3024d6a6,305.2
1b5a2ea8d2,152.2
1b5f31cbfc,450.5
1b619e638f,94.4
1b667eb648,233.8
1b74ca88b5,326.5
1b7e233ec9,131.7
1b8636e3c7,130.9
1b87d2d56d,108.7
1b8d725a80,210.3
1ba1fd48e6,172.3
1ba56cfd05,116.5
1bb98dc00f,221.4
1bbe278683,250.3
1bd4aadcc0,486.5
1bdd8d7b1c,109.7
1bdf65f068,160.7
1bf850144e,332.2
1c00fcc837,529.4
1c26fee064,449.2
1c2d26a886,555.0
1c2e687126,241.4
1c314982e5,271.6
1c3b56ec39,387.2
1c74a5fa38,171.2
1c7e9e466a,162.1
1c8beb6081,136.7
1c9cb0ecc0,170.6
1ca7c6fa36,161.3
1cab5cf62a,100.0
1cb54c4e3d,343.5
1cb9d1e8fc,506.2
1ceb184610,463.5
1cef88a157,414.4
1cf395f80a,377.3
1d0c5c25ae,614.2
1d0eb970f9,389.6
1d1fc7951d,224.9
1d48248467,188.7
1d4c048815,261.1
1d4f85f9e6,571.7
1d5e86fa15,674.5
1d72cc8236,150.7
1d7ce02468,578.5
1d7d0b0727,166.5
1d7d7d0560,283.3
1d95026f55,107.2
1d9ab9e4f2,401.7
1d9f62e046,427.5
1db82b4eb1,223.7
1dc37fc7d3,220.4
1dd4352c39,198.9
1dd6644adc,538.8
1de1bcf206,191.3
1de5b6da60,505.5
1df5b5f888,497.3
1e1456e493,126.4
1e1edc486a,315.5
1e1eedf7db,333.4
1e21b3f8ce,459.7
1e3e0573ff,622.2
1e44a4d7da,151.6
1e4db4f43e,438.1
1e744ac0ec,240.2
1e90d0c62c,621.3
1e941a2507,102.7
1e9f2cda91,464.8
1e9fd06e04,218.6
1eb227a30c,96.3
1ec37960e4,119.3
1ee596339f,233.1
1ee88a3e65,137.5
1eec72b478,97.3
1eef99d75a,101.2
1eeff73184,505.2
1ef489502c,273.3
1ef9c8bbea,281.5
1efaf130a7,296.2
1f1a83f63d,173.8
1f2563772d,274.6
1f2725cde2,382.7
1f2c8b9202,602.0
1f3b887e6f,193.3
1f3f3cfe5d,152.5
1f4212a1e1,115.8
1f428636cf,112.1
1f707bbed0,217.5
1f7afa0f5d,375.4
1f88a6f6d7,167.4
1f8f57f837,127.8
1f926955a4,493.8
1fa5b4b1ab,424.5
1fad68c321,433.7
1fae8279bf,624.4
1fb9b5d5e8,508.4
1fd9f14595,137.9
1fe344adcb,153.5
1feab30dd9,141.7
1ff9fa5943,152.2
1ffe4a475c,451.2
2.43E+08,211.5
2.64E+17,188.2
2030ed36de,185.6
203d765bf4,681.3
203eaafede,160.3
205577ab13,664.2
206d5977b8,234.7
207ae0635c,447.3
2084b16751,388.7
2084d8bc96,162.8
2089420953,332.5
20921997c3,547.4
209a811e7c,279.6
20d4589c04,382.2
20e4739855,167.2
20e5b96480,466.1
20e7708d82,209.3
210c323825,154.5
211888e868,511.6
2123e53c5d,469.4
212aedbe72,150.4
21313c3ba6,191.4
2140391578,174.1
218a5d662e,122.5
219f9df675,233.5
21a14eba2f,102.4
21a358daca,512.3
21bb8e49e3,91.3
21cb6d55bc,271.6
21ce4a8224,646.6
21e64656ff,271.3
21e8b9f270,108.2
220337d878,193.6
2204a78369,339.7
2213b8df8f,469.3
221b81de62,356.0
2227078f92,381.7
222e5f71c2,671.3
222f41854f,256.3
224696e760,442.5
22480850b8,264.4
224a374b1e,669.8
225950ead2,529.5
22661786bf,128.8
2267b6347d,342.1
226b5843c8,652.3
2285c06d88,604.0
228e7e503a,405.3
229364d822,273.6
22a365f8f1,440.6
22bcfbab2f,278.9
22beb8aa76,171.7
22d39572be,372.4
22d4907cbc,319.3
22de1e3be8,104.3
230f30a397,90.0
23250639a0,228.4
23322d2eec,144.3
23345cf779,436.2
234486bc38,325.3
23463e37b4,255.7
234b6ec776,641.5
234bd8a5ef,414.5
23632e4e6f,257.8
2367f68937,347.3
237325f551,610.4
2385132f8a,239.3
23855c2af5,289.5
2386c0348b,217.5
2386e5695a,347.7
238fb02cfb,104.3
23be6909ca,124.3
23c0e33dfa,131.2
23c27a3955,692.5
23c80a31c0,270.0
23d8f8e08e,456.5
23e34475ac,372.3
23e545800d,196.6
23e6cc460a,118.5
23eb5c0ef4,108.9
23f7a2b8b5,324.6
23fb583e01,153.2
23fbd13ddb,112.4
23fbfc4509,680.6
240c01e114,233.3
2418cf4d4c,216.3
2418f6f956,110.4
242a806830,321.6
2431039020,498.3
243ce2c921,179.9
243f022c75,457.6
244b2acdf7,107.6
245e66bc17,276.2
2463a48ba9,326.3
24731d5de7,323.1
24940db3de,550.1
249791ffda,687.2
249d90c34d,336.1
24cd451e10,302.2
24cf9e1b09,93.3
24d1a39c4e,349.6
24e40ab1f4,147.6
24eafa5a1c,569.4
24eda6f47d,90.9
24ffb6589d,176.6
25334a3e5f,577.6
25349a1d0b,592.5
253a713cd7,540.4
25415ee7f0,438.6
255680edd6,315.1
2557a6206c,248.4
255f9f9168,353.4
258fe6ac6a,718.4
259b155242,191.4
25a32543ae,178.5
25c8ecce00,538.1
25cf22b92c,318.5
25d20a31d5,595.5
25e7350cf0,664.6
25ec261c0e,134.4
25f2aca9ba,607.2
25f3d62d66,137.6
25ff9c6448,494.6
260c428361,116.1
261ebaa04b,514.8
263e3abcf2,118.7
2646e9d702,240.1
2661d2f54b,300.2
26923d3415,397.7
2698371f43,221.3
269dee7611,197.6
26afdd587f,534.3
26b7f54cbc,228.9
26bb3f5c71,343.4
26da2c0eed,308.3
26f28ece16,368.4
26f51e4c7e,163.6
26f6dcd576,133.6
26faa5401a,119.9
26fd1d924c,90.3
26fe7c3e4d,100.2
271f54cf1a,90.8
27222c32a8,256.4
27325db9d8,548.2
27635de530,254.4
276df13087,561.4
277df7ef05,148.4
277f468964,398.1
2783dae4ea,673.8
27954c8cdd,171.3
279ae35bac,143.8
27a4c1a406,198.1
27c63c3014,677.3
27d629388e,188.3
27d6db8351,286.0
2814198c78,221.7
2824ed9257,127.5
2838d55ba2,239.0
284667f3c8,330.4
286ebbf585,514.7
286f2b6b15,205.3
287297dd47,115.4
287556303b,557.3
287c43f16f,220.3
287fe89121,543.3
2881a88ca0,171.5
288e560dd5,238.4
2893728b9e,108.4
28940a93a2,676.4
2895adb13e,206.5
289acf5af3,318.6
28cfa8ab81,92.4
28d12fde37,382.3
28d3c916dc,706.5
28de0dcaeb,552.4
28e48d7a03,215.7
28e684191b,479.3
28eb65c2db,109.4
290171b6b8,116.6
2914bdd955,243.5
29328253ff,294.6
293beafa72,208.1
29434aa6f4,382.6
294b85a190,321.8
2951347ae5,258.2
2972a5a41d,203.6
29747cc043,449.5
29805d997e,270.2
298db3d09a,644.3
29aa8889c4,118.4
29acc354cf,211.5
29c3f2c631,116.6
29c54bf424,400.3
29c9cc11d5,164.8
29cef26186,154.1
29d7c3ba63,96.6
29dc818559,249.1
29e5ec8fb5,215.1
29eeb70dee,183.8
29f409d99f,381.5
29fc0b5c69,671.4
2a03ad4deb,309.6
2a1cc53ef4,534.1
2a21e8f6d2,469.6
2a26c058f0,124.3
2a29e49033,319.0
2a3b3a0572,165.5
2a3c502ab3,415.4
2a3fc46c56,184.8
2a4f497a3e,201.6
2a5d1a7606,337.5
2a5db24c27,514.8
2a645eee1d,357.1
2a64a13c68,113.4
2a70f1772c,207.5
2a842559b6,190.4
2a8bfb6cd8,257.5
2aaee40c91,189.4
2ab23a6f57,598.6
2ac444e194,427.4
2ac7db0290,304.4
2ad7fa0e28,548.1
2aeda1760e,206.9
2af0224de0,151.5
2af1e0c5cd,138.4
2afbb989fa,208.7
2b012e52b5,502.3
2b16e08d54,137.2
2b1916cdb6,604.5
2b1e3f6101,94.3
2b210b319e,452.4
2b31787a91,90.1
2b343f5d63,430.7
2b3de6887a,137.6
2b4533f1ac,503.5
2b4b892ec5,198.4
2b502045c8,533.3
2b50f1c671,298.7
2b593571b5,211.6
2b5da1ab97,387.5
2b5e5f7364,570.1
2b6156f7d9,263.5
2b66f8eeca,162.4
2b72a6326a,94.6
2b888be17b,186.8
2b8ccf3d49,102.5
2b9e10a1dc,242.4
2ba39e3a57,243.8
2bc54bfc98,468.4
2bd468d9fe,178.5
2be2836ef3,514.1
2bef6b714c,548.6
2bf6d1f36d,667.0
2c03f43e2a,120.9
2c05a227ea,501.3
2c0ee41200,138.7
2c1e73c57c,373.8
2c28cd4916,451.6
2c39b43877,188.3
2c39ef0c36,218.8
2c3e83b214,206.6
2c4046e62a,380.5
2c4ee84da8,305.5
2c5bc78d1d,218.4
2c5d841ab9,571.7
2c5db9e2e2,106.7
2c62b0d6e5,90.9
2c6f4e96a9,188.8
2c7bf0973d,127.7
2c7d548025,156.2
2c8a44fc99,167.3
2c93cf38f4,141.4
2c948f7db7,575.3
2ca115cd7f,272.2
2ca716bc16,98.6
2cacf58892,573.2
2cae5f9b68,444.3
2cca3ab222,108.7
2cd21127de,158.4
2cef12e546,386.7
2cf437d4b7,161.0
2cf63636b3,130.3
2d0e54608d,191.7
2d0ef4558f,317.2
2d1e97971b,290.5
2d2a9f1c88,267.7
2d2c0ad3e4,95.5
2d332a31b7,353.4
2d3401dba0,206.8
2d4bb465ee,247.7
2d54b29c0b,318.8
2d55726b06,117.1
2d5727657b,102.1
2d5741b844,397.4
2d5bf98127,194.6
2d637c25a3,326.2
2d6a516f82,433.1
2d6c309c6e,90.9
2d925bc160,250.7
2daa76b616,167.3
2dacbe99c3,307.5
2daf9c203c,306.2
2dc77c26d3,182.5
2dd75d2018,307.6
2de13de737,302.3
2de14bc03c,216.5
2de5930873,319.5
2de735d1a6,343.6
2deb7d04da,152.3
2df0cc3b9b,461.5
2df55449f2,383.1
2df7f33d54,394.7
2dfc7e8f64,497.1
2e11664769,275.0
2e188e288b,432.8
2e23b573d8,489.3
2e327f5ff5,344.3
2e37fb8729,201.6
2e3b160b42,123.3
2e3cdbac0d,166.5
2e44e059c6,456.7
2e6443416f,505.8
2e70657be9,151.5
2e7dd36b46,270.7
2e89493975,204.5
2e8b7a52a1,180.5
2e93f29aa9,472.3
2e9bcb1d73,246.3
2e9c6ac7b3,187.7
2ea96d36cb,149.2
2ec1ab95d8,690.2
2ec2f5aae9,344.5
2ec7e5d66d,325.9
2ec9752c7f,312.6
2ecc1eecc4,341.4
2ed20480bd,198.2
2ed512d435,172.6
2ed7eef12b,241.5
2ed8bab70f,460.0
2ed961beb9,233.3
2edfc48fe1,711.3
2ee83ab287,562.6
2ef0c8b74f,111.4
2ef81adcef,379.5
2f0427cb55,411.1
2f0c5297c8,109.5
2f13fc6271,592.2
2f15faf4f2,611.4
2f2ad6ee0c,593.1
2f2b2061d5,197.7
2f35eb3d42,400.7
2f38c78081,530.2
2f43461f8f,263.7
2f5d23d8b6,644.9
2f5e23962e,331.7
2f6c09acf4,494.3
2f74911201,637.3
2f95149dc3,192.3
2fa0dc41be,108.4
2fb249effb,449.3
2fc6be0502,146.5
2fcb84596f,326.3
2fcbdedf64,562.3
2fd7f8924a,631.4
2fe61f2aa1,628.8
2fffcad178,546.0
3.04E+08,144.0
3.53E+11,617.4
3002241ac4,171.6
3005aa8fa9,519.2
300a7d3d15,424.9
30118d88be,424.2
3021bcae5a,329.5
302f912cbd,156.3
3031d6176d,379.3
303ce668cd,313.7
3066179068,100.2
307403a51e,108.7
3074e78fa4,405.4
307bdf4b1f,550.5
308218452b,243.3
308ba5a340,199.4
30a41e3eef,155.6
30a5ec01aa,384.4
30a7317b8c,392.3
30ae722c1a,163.2
30b4d2db6e,147.3
30b5530780,195.6
30be7316f9,147.4
30bf166d67,509.1
30d0e9773d,407.8
30dda88413,161.6
30de3223aa,389.5
30e6bc15f7,161.6
30f32bb8c7,301.7
30f669cd42,121.2
30fdde16ae,534.4
30ff66e18d,211.6
311db071ab,145.2
3122e28e80,361.5
312754b077,223.4
312e90b32f,221.2
31469e1e8c,686.6
314a25c50d,128.1
314cff8e5d,255.2
314ea3d710,124.3
3151257bb9,106.4
3153ebf7ab,413.2
3154e54294,221.5
31692f6f30,478.7
318383fdb0,191.7
3185f6be97,156.7
31a238581a,183.6
31ac74d76f,184.2
31ddb15367,184.0
31de3181d7,158.8
31e3127c61,418.6
31f3080baa,189.2
31f848633e,391.6
3201a15d7a,311.3
320804848a,177.5
320a4bec27,107.5
3212205de3,100.4
322cd65ebd,152.5
3236bc2ff3,164.4
323de9c50a,286.0
323f0585a2,486.1
32438be016,136.8
324afd9691,575.0
326f3875cf,612.5
3271ac6cec,480.5
327c3afe72,167.3
328d3f06f5,271.3
328f3999af,349.6
32945c8a75,547.2
329478845e,97.5
329f63f580,535.4
32b0fc3feb,102.7
32b2e23d41,466.5
32c58ed504,209.5
32cd721943,113.1
32d7a36a27,138.4
32e9f00212,178.5
32f4a7ed54,240.1
32fdde2100,600.3
3315c72ac4,341.2
331f6cf0a2,366.6
33222c262e,342.5
33251345a4,460.3
332999a205,232.4
3333e157d2,251.1
3334489912,440.4
3336d5119e,403.6
3339c44baa,222.5
333afcb0c5,380.3
3342edaf37,394.9
3347a98d41,384.1
33556ffe0d,161.0
336e6eb6a3,446.7
3385a24be1,524.2
33895e9a33,352.6
33ab2b45ed,240.5
33ae6e4e5b,417.4
33b1e01702,207.3
33b2201bf4,184.1
33b9fa9763,728.3
33ba1e9763,410.7
33c1b5a687,366.8
33cca7c444,427.7
33d42ba6c3,267.5
33ddcfbdf4,110.2
33ebb79d06,101.4
33ec2c04c5,282.4
33ef82f696,543.7
34030aed4e,706.8
34034a43c0,475.6
340660026a,224.8
341de1ef7d,92.6
343647c319,168.7
3446f9bb7e,253.0
345b363909,365.4
346056b0ef,209.4
348518bad6,374.7
3485c45fa2,119.7
3488295fae,414.5
348eab6949,94.9
349e7e76a2,113.6
34a3dd9253,423.5
34ab7ec6f8,375.7
34acc979b7,364.5
34b1593bd3,114.7
34bf994d70,379.7
34c07db7f0,254.4
34c0bca871,151.6
34c0c526c6,346.9
34d528386f,238.1
34e2dc1280,103.0
34e8340ea8,105.5
34efbdfa0c,200.2
34f5e055ae,476.6
34ffe29f4b,282.3
353064ccc9,201.8
353611e6e1,319.5
3555bce4f3,133.6
355d091143,554.4
35683c29ec,93.6
3575d46a81,528.2
3579fcacaf,229.4
357ecff5b2,159.3
35966354bb,220.3
359c116548,157.4
359f0de976,593.6
35b4c3a57f,598.0
35b6e7340b,280.3
35bfdfa90d,598.3
35dc069f18,210.5
35f101c661,217.7
362964a506,343.6
36316aaca5,329.1
363360c125,600.7
3639b7c5be,525.5
363ebb8511,555.6
3685750141,168.5
36882bec2d,223.9
368d9abdfc,624.1
368fca2602,242.3
36941f0bb5,213.4
36f84f94c7,228.8
36fe55a483,114.3
36fe7b7f42,121.5
3703949418,565.5
37047e2d18,286.1
3705f47ca2,491.5
37164dcdc0,397.1
3717879f74,133.5
371e19644d,509.6
371ff5ac71,587.8
37557b6532,233.7
3755bda51a,252.7
375d36823a,144.6
376156858d,601.2
3761953ed4,499.4
3769a44d73,386.3
377517afeb,200.7
3779b1cf35,210.7
3786ea55db,134.5
378bf52b8f,477.5
37bb60f159,498.5
37c642fe4c,608.7
37dc779476,368.4
37dfd1ae57,178.5
37dffe5358,458.2
37f1a78b88,169.5
37f796b8dc,580.4
37f88bfa68,185.2
37fbb87aa9,243.5
3808409ddf,114.5
3834748386,186.4
38376f004f,376.3
3839c43c25,718.2
385ad4a054,248.6
3897ee1b70,431.4
389c5b1d45,95.4
38a2c2bd47,282.8
38b11b88ff,281.9
38b15060c6,318.2
38b54aaa40,635.2
38bd9a0776,262.6
38fd31bb0d,384.5
3900f96292,638.8
39035eb099,385.4
39084ae386,114.4
3908a59643,183.7
3911f5febf,508.8
391f509dd2,407.4
3926409320,132.3
392c6fb230,583.0
3933fae008,93.2
395394fbc9,111.4
395fd04c07,119.0
39642f18ea,233.2
3965b26662,233.5
397afb9ea9,457.5
398757b143,661.2
398cafdf84,273.6
3990d2ffa2,110.7
3993205359,92.3
3993ed9c65,494.4
39d82bc0d1,146.6
39fbfe3bce,592.2
3a06be6612,616.6
3a096876dc,273.0
3a1b37f643,274.5
3a279ea303,103.4
3a3651e13c,383.1
3a3a4e4a99,116.5
3a3d653712,145.4
3a4134890c,197.4
3a57fc569e,160.9
3a69b83217,704.0
3a7e7afa39,382.5
3a7f7f6f12,120.3
3a8c35ca86,222.3
3a97359dce,395.6
3ab814b792,100.1
3ac72156e4,268.4
3ac7fe9e66,247.6
3acc360177,178.6
3ae1ddef32,353.5
3aea10e70e,717.8
3af6927354,511.2
3affe2f87b,117.2
3b03380d37,173.3
3b1bf309ac,396.6
3b243f8990,115.5
3b2521b3ad,368.5
3b25a119b6,627.4
3b2d486488,512.7
3b329f1651,113.6
3b3e1d8d87,141.3
3b426757f8,173.7
3b4cc046ee,136.4
3b5bd6e6b4,116.3
3b60dfa1d8,339.5
3b69da3864,291.4
3b7777bb5d,117.9
3b86d717ed,328.7
3b8eaf7a37,316.4
3b908be1ef,158.4
3b9aa3ca46,137.1
3ba0a051ed,510.4
3ba27317da,638.2
3ba822501d,171.7
3bacb967d4,192.5
3bb0ae4cf1,235.2
3bb3eb67f3,116.1
3bc829dd37,493.5
3bccea835a,520.4
3bd0b5ea62,296.8
3bd4f08bce,132.1
3bdabdae75,261.5
3bf53b62b0,640.6
3bf76c5f0d,295.6
3c0908fe7e,336.3
3c0d43644a,172.0
3c123e09d8,106.1
3c19e27a2a,198.9
3c266f8bbf,257.8
3c4472851c,288.3
3c53753efb,149.9
3c547a7096,210.3
3c65f96941,310.1
3c6a257992,336.6
3c7e35c98a,161.6
3c8e25805a,186.9
3c95fefe21,239.4
3ca495c0f2,363.9
3cacd22d5b,207.8
3cbbcf1472,179.2
3cc1d3c126,158.5
3cc40c68e4,95.5
3cc9b691d8,101.1
3cd46a5646,638.2
3cf9b3c2cd,99.7
3d015ad52d,549.7
3d19fb5ffb,209.6
3d2f5c6595,385.1
3d363f4a62,153.2
3d58cf6238,321.8
3d63b2b494,615.2
3daa54ea8d,448.1
3dbb80f7c6,231.4
3dc8836219,98.4
3dc8a7b37d,116.5
3dc9552dca,633.4
3de0502669,246.6
3de940523a,215.1
3dea47143d,161.3
3df403bfb9,651.2
3df7c3e252,128.3
3dfc391dce,213.6
3e0613105a,105.6
3e07d80434,170.5
3e0f8129eb,365.8
3e1d4f17c1,190.8
3e29b1f0a8,246.5
3e2e54a1a5,301.4
3e357ef9c3,540.3
3e4c917453,435.3
3e50e1a4f1,529.4
3e72388b82,644.3
3e92b84018,451.2
3e961bc7a5,562.3
3e96c45213,219.6
3e96d91593,110.3
3ea696817b,573.1
3eae5c5334,185.6
3eb035fc17,605.1
3eb8ba8221,148.2
3ebcfd839f,366.1
3ebeb7e51b,421.6
3ec21271b7,178.6
3ec29ea0c1,112.2
3ec7acf103,243.2
3ecf472391,199.5
3ed0211cb5,149.6
3ed6696862,182.9
3ef0981d22,453.4
3ef2e559b0,136.6
3f0285a8a4,312.8
3f09e0ffce,191.5
3f11940bff,282.5
3f1224405f,200.7
3f21d30e04,324.2
3f22657854,239.4
3f2adae82e,318.7
3f2bb89018,127.4
3f2bf92e0f,171.8
3f388f1b7f,643.4
3f3a4135f5,183.2
3f42067869,242.2
3f44afd100,175.4
3f60b14b0b,486.4
3f656c9e5d,202.0
3f6a4a3717,313.1
3f6eed1555,174.5
3f72073b20,553.9
3f78f8a93a,246.2
3f7f980281,125.5
3f864ffcb8,660.4
3f902107e2,203.3
3f9277a92e,318.5
3fa2267c26,121.7
3fa4962840,95.4
3fa6f91386,391.3
3fa99c0823,674.4
3fadcee265,162.2
3fb7d5559d,307.4
3fc35db6b5,292.3
3fd6e5da83,180.4
3fdd98b21a,383.4
3fdf2642b1,330.3
3fe4383f86,130.4
4.21E+16,113.6
4.47E+09,585.1
4.61E+31,93.0
4.75E+40,537.4
4002735b28,581.6
4005ffdb09,270.2
400671ade1,200.6
400a44b74f,195.1
40100abc28,382.4
40138c3c1f,425.2
402b000e78,160.9
40425428f6,153.7
4043779abe,94.5
404eb0f054,677.4
4063a8f0e0,638.7
40691008b1,318.2
406c0d1af1,144.2
407d456fa6,647.5
4099064f1b,116.3
409a506879,443.6
409d084f27,118.1
40ba9d21bb,230.7
40bda43e15,267.8
40c1eb338b,356.3
40cd625b81,124.7
40cff9f785,96.7
40d31d096d,118.6
40e34cf99b,101.4
40e38903a6,456.1
40e5402ac5,132.3
40eadcbad9,282.8
40fb4174d6,279.1
40fb8b67b1,264.4
41020c3878,317.4
410a3857ec,120.8
410d375d93,215.5
4111667c66,469.6
41170e830f,434.7
4118b6a083,261.3
411b5085e8,268.2
4121d58b84,220.6
412aed7eef,405.3
4132273efb,507.4
41324fcae3,413.6
413428e522,120.4
41343a4581,232.3
4135ff2c73,141.4
4139e2bfb8,163.3
413b9e52cf,352.5
413bc27f93,100.3
4148bc2090,335.0
415c79d529,174.5
415ca37171,567.4
4168c84d75,680.4
416f63b1b4,113.5
417bac6f77,126.8
41962c1cb1,304.2
419f88b0a4,212.6
41a479450e,265.2
41aa81dd04,184.5
41b61f0925,103.4
41b85b8a0b,168.5
41b86f2b7b,380.5
41bb8cb136,150.4
41bbdcdda3,459.6
41caf4c88a,502.8
41d7942f9f,137.6
41da2d0e6f,274.8
41dc2d6aca,502.3
41f559bfab,240.1
41f6054841,295.3
41feed69d1,329.5
4212d17c04,621.6
42229128c1,562.7
4224c25277,279.6
4228dcebdb,350.9
4236fb0dff,220.7
423df4010c,239.4
4245447cca,206.6
42528abc8e,134.6
4254114817,523.7
4266d8918f,715.7
426df19e0a,421.1
4270fc15b2,241.2
4280c801d6,132.4
4283218d94,121.4
4285b68142,169.5
42880a66df,228.6
42abcec990,312.2
42ad919e70,607.5
42b75e75ca,245.7
42bd6f408f,320.4
42c5105f6b,187.1
42d2d15335,397.5
42d48abd4e,263.6
42d4a9c6b1,532.3
42eba111da,498.2
42f43045cc,201.4
432762ee3e,453.7
4341b7c179,182.9
435397f7fc,149.6
437678a3d9,136.6
437fdf34f1,105.5
438d714538,180.7
43984cafba,281.3
43a473bf12,514.2
43b8ed2a96,664.5
43bcccc51d,125.2
43c7b21fa2,576.6
43cb68f13d,346.4
43d16a67bf,668.4
43eb3911de,278.6
44052fa3d2,193.4
441e05d6f2,442.0
442e2642ad,296.2
443acb8b81,240.3
444ac463f4,299.3
446c2040c1,330.7
4471f01195,164.4
4472607192,288.7
4477bbafe9,122.2
44912f7d32,170.8
4496f15238,152.1
449efedfe2,550.3
44a381dd40,415.2
44a6972ecc,413.5
44ac5e7ba9,358.4
44bbc06af9,636.4
44c0865074,184.1
44c126aed4,610.5
44cf3a916f,351.7
44d5c219db,176.5
44dfa7e232,232.5
44e3033d92,348.3
44f2b47a5e,239.7
4503ad820f,613.1
45138994c3,137.7
4519f9a660,590.8
45227b87fd,262.3
452672f3f0,644.3
452f6399e5,285.5
45313357f3,116.6
453c389b58,577.9
4548da964d,233.5
45808e9e67,288.7
458fe698d9,136.6
459857ac69,144.2
45a326c783,239.7
45a5ae930b,240.1
45b4924167,111.4
45e454168d,243.9
45ed650cab,200.5
45fbdb8c4a,321.8
4602cc7ae8,131.6
4623f71de8,245.2
465e3e31b2,318.8
4661df632a,578.8
4664f70293,565.4
466b53d902,130.6
466bb04e1d,157.2
4678ae78bd,319.7
4685bf7a5b,354.7
468cea35b0,242.6
46979bf233,354.5
46a7a65a5e,425.3
46b07c3098,192.3
46bc656e4f,249.5
46bff8290c,187.5
46e1b6c5b0,249.2
46ea373fa6,434.8
4700dbea64,425.5
4733627eac,539.3
473ca8c4b3,160.5
4742717b40,350.6
4744ddb96b,264.4
4750899641,231.6
47518ee6a9,104.1
475315b569,254.5
475cbb8853,536.5
475dfff696,326.7
476339fdcc,100.4
4768a686b4,133.6
4774a8f52c,444.2
47752669c8,536.4
477c9f8723,266.8
478e595ebc,359.2
47931970bd,439.1
47a5c01fd0,453.2
47c28489e2,262.2
47c2e5a128,371.1
47e6a184e0,216.8
47fb65f18d,438.5
4824b0e145,185.2
4850f552a8,176.4
485106664d,139.4
4857fb027e,115.5
486741f4d6,266.6
486a52182f,140.2
4887a7358f,163.8
489342419f,188.6
489e5d360c,103.2
48a89b5392,277.5
48a8b0dbc6,177.6
48bd53b040,97.4
48ce91d9ba,120.6
48d2d5b4a3,195.5
48e5daa820,392.2
48ede57bcc,197.4
48f14fc68d,283.4
48f4f581b0,449.7
48f82d8687,242.3
49033718a9,491.6
49047cdd20,170.5
49102822dc,602.7
4912187270,521.5
491aaec2d1,362.6
4922fead61,110.1
4924da40e3,93.3
49300ef255,136.8
4940db9f07,158.3
49429062d6,244.5
4967235e4a,151.7
4967e530cf,92.4
4974868657,452.1
4975b5834b,114.1
497c944ae1,271.6
497e62c0c7,579.5
498027526c,290.2
498824ba79,575.4
4988f12da2,557.3
498f8b8fb8,529.2
49a8062ed7,563.4
49b89339b1,176.0
49d0108353,470.3
49ff1738cd,192.8
49ff1a1f45,257.2
4a17ea3b44,544.5
4a28351e63,632.1
4a314d0152,323.0
4a31c8edbf,381.2
4a31f7b19a,521.8
4a383c2d7b,212.4
4a3c4ca1b1,688.3
4a3ffeaa90,174.3
4a4695c3bb,358.7
4a47fa61fa,104.8
4a5485df3a,156.5
4a7e551799,335.2
4a98a5cdc1,677.1
4a9d4b8c98,257.3
4aaa36edd7,411.6
4ac0aa5c38,132.5
4ac959e71a,91.6
4acc649efc,157.1
4aeaf15427,444.3
4af789a6b6,332.3
4afcfeacee,243.7
4b07553f50,373.8
4b0e5fa110,201.5
4b21c2186e,268.3
4b46bbaa61,516.6
4b4981649e,435.3
4b66bf153d,212.2
4b79f17a94,312.0
4b7fdf6a31,263.0
4ba24e133b,205.3
4bb1a51158,207.6
4bb66fcd7b,493.1
4bb67ab198,120.3
4bbc352409,173.8
4bc1b20847,518.2
4bcbeb90c8,159.7
4bcca8b0b6,571.5
4bcd6ac58f,480.6
4be5a4f43c,404.5
4be5f620e9,138.6
4bf7416288,648.5
4bf8f4d9a5,335.4
4bf98b74ff,458.1
4c03500214,114.5
4c2142d9b1,302.4
4c2717e47f,165.8
4c303c6878,317.7
4c339db359,321.7
4c3a879f61,329.4
4c4cfb081b,137.0
4c5ab662a9,351.7
4c5fe9cbae,191.5
4c710024f5,181.3
4c7f52aee1,242.4
4c9c4c0283,166.4
4c9cffa2c2,159.4
4ca07a29f2,383.4
4ca352797b,252.8
4caa59d9e4,130.6
4cbb1b8adc,259.8
4cbdd3c62b,395.1
4cc17b0234,381.9
4cc77e28ad,608.5
4ccbaea97e,116.8
4cda53f11a,517.8
4cdce0053d,267.4
4cdeeaffd2,495.5
4cf1c2f96f,217.6
4cf61faf41,149.0
4cf644502f,684.3
4cfc15edf9,509.7
4cfcdca0f1,451.5
4d178c6cbc,426.4
4d1fbdca5c,237.5
4d49423078,149.2
4d4cde5f9f,195.8
4d5a681d55,189.1
4d5c1c3a72,134.6
4d662d8564,200.5
4d6ed2155f,548.7
4d809641a9,90.2
4d86368287,327.3
4d8e99d39d,173.6
4db07ab55c,219.6
4db75f1312,719.5
4dbba63e15,91.6
4dde2661ce,314.5
4de1759265,220.5
4debd5eb71,529.3
4dec8ebbb2,112.1
4dfe5d0c88,208.4
4e0be58003,92.7
4e24b07d3e,286.1
4e27619e1c,184.8
4e2ff2a279,172.0
4e305d86f2,122.6
4e3a293444,433.2
4e3a321543,140.7
4e3e5939e4,293.0
4e3fd4f65b,422.3
4e459d4952,463.5
4e5439fae1,113.3
4e5d003711,261.5
4e72e7304a,540.0
4e76025e11,165.5
4e77a484f8,93.2
4e79449edc,280.7
4e7b009ad4,204.2
4e7b89d7d3,114.5
4e83ae9ed2,608.7
4ea1e5a065,104.6
4ea61f9872,396.2
4ed08223cd,127.7
4ed410738f,178.5
4ed47f043f,94.7
4ee2609a27,333.9
4ef3fe3075,408.6
4ef6eb85cc,522.6
4f1cf736b9,286.3
4f200ecd98,375.5
4f2a1c85be,93.1
4f2bfe1d99,116.6
4f2d638747,225.4
4f34e261c6,99.2
4f4d85e7e1,303.3
4f4fedb964,127.4
4f55a46bbf,274.3
4f637886dc,292.5
4f871bd6af,105.5
4f8d5c0d15,110.5
4f98aa93fa,291.3
4fa2b1605d,141.4
4fa81e3193,144.1
4fafc4ae05,317.4
4fb41a74fc,373.3
4fc061e80f,112.6
4fcbbfd84d,165.7
4fcf166e43,305.3
4fe0882f10,581.2
4fe9233256,382.5
4ff5682489,488.7
5.26E+08,553.7
5.66E+54,363.6
5002b1b007,122.6
500cc5026c,338.1
500e013179,209.2
500ee33e76,526.4
5017b534d2,257.1
502f0dcb57,247.1
50304e11ed,207.5
50407b0e13,165.5
5059b8ddcf,643.3
507061ced1,172.4
507778ebd4,212.1
50a06675de,206.3
50a9c55a07,293.3
50aa5bd51d,102.3
50af6261bf,148.3
50d746d2e6,152.3
50dccedb15,159.5
50dfbac630,540.0
50e724dbc0,245.7
5105514929,528.6
510d6f7df2,168.4
511c9acc9d,169.5
512484f46c,212.7
512aee0d8a,293.4
51374e864d,596.5
515d480bae,232.4
5160a4e2d9,250.3
5160e1064d,591.1
516541e2e7,376.7
516d1d35ec,494.6
517acc3e66,609.9
51837d274c,233.4
51865fb750,275.4
518a26d308,93.8
518d45604d,401.1
5193ddf029,124.5
51aee0317d,333.5
51c7c31bd4,424.5
51dcd37944,141.6
51e5c7a7ae,358.4
51ec1e95aa,466.6
51fddf42bf,141.5
520964536b,389.7
520d10faae,245.0
5218851301,303.2
521901ef45,311.7
5233189d8d,138.0
52354f9309,205.5
523cdc7357,148.7
523e85bec4,634.3
5242bfc171,351.6
52784a84ed,281.6
528881c5b7,152.8
5290a60772,221.7
52927ff63f,445.4
52aa388824,591.7
52b10bb33e,243.5
52b23b4ea4,174.2
52bfd2bc8d,225.9
52c5450cf7,131.0
52c6e9b62e,570.3
52cd0f7e81,99.5
52ecc65029,422.0
52efa8ae42,543.5
52f6176403,360.6
5304cb5760,193.5
53056708bb,477.5
5308512bfb,422.4
532e7a1cd5,343.4
532f5f5418,308.2
53498a4d17,581.5
534b2a0bf1,203.4
534e23a6e7,152.5
53515e65af,451.2
535c8e5776,100.7
5360370349,357.5
5363fcd91b,386.3
5371fd7f0d,582.5
5376f59b89,116.4
537f917625,126.2
5385d913be,572.6
5387dcb634,511.8
5394eadf96,285.3
53a235f392,240.5
53aec99ea1,315.1
53c05f7cec,146.7
53c51fafba,244.4
53cc7bfe2c,96.2
53ed16dc8f,175.6
53f3d60a74,159.3
53f5581008,534.7
53fa303f7d,544.4
540fedbb11,540.3
543d5219b2,209.1
544cce1a48,228.3
5452cdbbff,106.7
54534f2745,215.3
54560ce68b,276.7
5457fdbe19,415.2
5469e307d8,386.6
548892cd79,198.6
5498b19f60,123.6
54c1f35d20,234.7
54da3c8128,160.9
54dcfb596c,296.5
54e83e7ea7,99.3
54e8a1c2a9,693.5
550da26208,487.2
5519880667,320.6
552c14dd5c,208.8
55391524fe,113.7
554ebc5b82,563.2
555cc760ab,444.4
5564a83e13,482.7
556799a6ff,192.6
55693db6fa,218.0
5569df5cec,348.8
5583b9898e,516.3
5584dbf3fc,164.4
558947f7fd,170.7
558f425a54,432.4
558fb6243b,528.4
559353dcf5,179.2
559c978007,158.6
55a8be24da,575.4
55a975779e,102.4
55b2d695af,694.6
55b342c10c,141.4
55db0757d4,123.6
55e044bbec,197.3
55ed33fa01,168.0
5622170c5a,258.6
562801fef6,135.9
5635ab06c7,167.9
56454da2b0,224.1
5661a8b601,324.0
566c6c0fff,228.3
5670c08287,337.5
568558062c,122.5
56a140b52e,165.8
56b2d89bff,483.9
56b66e2663,259.8
56b7ea98ad,309.4
56ba0d994d,537.2
56c49c0ef3,155.8
56d5611ad6,565.6
56dacd344a,489.2
56df9a7432,471.7
56f09c8370,151.4
56f13dae7a,337.3
56f4720916,189.6
56f78bcde2,237.8
5703bb5b6f,336.6
57050bd18d,98.7
571462d0c1,96.5
571ba79141,122.1
571c9bb198,114.7
5735f5d9ee,197.3
5738d05f16,512.7
573a73bad6,240.1
57418a700c,206.3
57538ed5be,186.1
5753c79eea,382.0
57600d51bc,130.3
57608f036a,319.5
579ef5d7c5,223.3
57a187f9a8,272.4
57bae01985,190.8
57be2c8c5e,534.3
57c34b3c6d,254.6
57c3a406a0,103.2
57c4e1d3ee,189.1
57c9588871,635.6
57f4f5352a,168.2
57f84b7df0,156.0
57fad5bf06,277.7
57fae45053,698.7
57fc692698,450.3
5803b7d659,673.1
5804640329,180.3
581948972,192.3
58271f0405,445.1
582b611f69,271.4
58440e430c,103.8
58742e076b,324.8
5889aa8fbe,646.8
588c4c51da,293.5
588f44c3be,576.6
589e5fb028,94.3
58b3c07754,195.4
58b8510491,225.7
58d88cbf86,458.6
58edac2003,406.7
58edf7c1a9,210.5
590535cb8c,575.5
5915ccfe5c,105.4
59213d4823,140.3
5929a9cbc7,113.6
5933c3743c,681.6
5939eff823,338.5
595231191e,95.5
595c28a7ec,395.1
597bdb9a15,94.0
597dd1b061,267.7
5988d7117b,125.2
5993c174ab,438.3
5999a6e8e1,383.5
599e24369a,283.5
59a682e547,347.5
59c385f3d1,121.7
59c7457a74,124.4
59c77f9d79,423.7
59cf82ea4d,163.1
59f062a3df,106.4
59f51ccc35,449.6
59fd01a276,94.3
5a08f478f7,431.6
5a09940359,327.7
5a23fd8199,92.2
5a2b478869,162.7
5a5b1c0314,406.0
5a702641ea,359.2
5a84e2975a,337.3
5a8b89e7d3,197.5
5a92017ae0,155.8
5aa0024064,355.5
5aa2d86ebb,159.0
5ab4eba15b,130.5
5ace903e07,271.4
5ad1b33208,562.5
5ae68204ac,134.8
5aea243b03,397.1
5aecb38fd9,152.2
5b16114395,518.7
5b20170bb9,443.4
5b3829068a,183.6
5b38f117f5,393.7
5b491de1b2,313.1
5b49e461f8,463.3
5b509de386,140.8
5b6bbab061,350.9
5b6c9f07bf,111.3
5b734cea79,319.9
5b83353b94,301.3
5b88d7942e,100.8
5b8a42aec1,442.7
5b95f8db78,219.3
5bab0dd8e8,530.6
5bbb56726e,126.4
5bdbb156ad,121.1
5bdd9863be,447.1
5bf36af348,123.6
5c074a0052,387.2
5c1dc79124,334.5
5c2c1ab687,98.2
5c321f9221,531.4
5c4747ade7,297.6
5c495b0338,177.4
5c5261f931,425.6
5c57173002,329.8
5c65f23f19,114.7
5c697d4c05,279.2
5c6adb7044,350.5
5c7019338e,155.3
5c7d4a96f0,203.1
5c816dcc05,121.1
5c8861329b,241.3
5c94e178d8,309.2
5ca6fe5f9e,252.9
5ca7c62a99,416.3
5cb84ec2f9,491.4
5cbd3dee18,90.6
5cbfb9e0e0,232.3
5cd35f342a,577.1
5cd8f81994,304.5
5cdc7cd9f5,290.5
5cdd4786ad,92.6
5cfb823820,485.5
5d03a085db,150.4
5d21979c79,358.1
5d223491b6,588.5
5d432730df,685.6
5d481deebb,275.7
5d499029bd,144.9
5d70ad2a02,308.4
5d739eed2e,417.2
5d83d3d46a,348.4
5d8fa705de,254.5
5d935447a4,262.0
5d94ff2ef6,435.4
5d9a44a29d,123.6
5da6482421,309.3
5db4f1e72a,681.6
5dbd883afa,203.1
5dd15884c3,118.7
5dd498ceeb,306.1
5de1023acd,452.2
5de842ae15,153.9
5df132b1f2,115.6
5e0ab85d7b,294.6
5e1e76cdd1,116.6
5e2740d8b9,517.1
5e338704a8,297.4
5e3bd6e490,464.4
5e3d0afb1f,232.4
5e3d55156f,493.6
5e42175a22,223.5
5e4479c655,471.5
5e58705026,128.2
5e644ae62e,284.7
5e67aef91c,566.0
5e68253e28,597.2
5e72342082,137.6
5e73ccc561,253.5
5e8acebf96,165.2
5e8b3f532e,505.9
5e9053b96a,202.2
5e95aad1bb,263.6
5ea3fff7a1,100.3
5ea5f5705d,338.4
5ea6b36415,154.1
5eba0b3f11,187.4
5ebbdf12ac,256.3
5ece3fa5ed,106.9
5ed058b495,490.2
5ed4344e32,99.5
5edf9837f5,260.5
5ef22d0aca,118.8
5f029f890d,142.6
5f101779a6,364.6
5f16f43c03,96.4
5f370755d0,446.4
5f5121b9f7,196.2
5f71dc53d9,179.6
5f7d3b03e2,228.5
5f90583cf6,405.4
5fa25b06f5,115.7
5fa62b5a59,430.6
5fa7afbb09,489.2
5fac584c7a,560.4
5fb01b83f7,352.5
5fb96ff63b,327.5
5fcc2d2469,91.7
5fcd69e6f0,104.3
5fd63e3867,373.6
5ff89c0b9f,408.4
6.07E+19,468.7
6.22E+16,186.4
6001977b08,194.4
6006743f22,580.0
600706d270,414.0
601b785c9b,96.5
601f8d3eb7,337.2
602d5970a3,221.0
6031888469,565.6
6036153464,245.1
603823b13e,156.6
60604125d5,143.5
606a3bfe08,326.4
6070938b4a,307.0
607434afa1,107.4
607c1ecf3a,268.7
60808acffd,106.4
608348cedb,220.0
60842b2507,181.6
608cdcfe63,661.3
609b28aff2,181.6
60b051ecc5,493.6
60b2544c16,127.3
60b4e0e245,233.7
60b748556d,598.8
60c0aabdda,218.6
60c3d4f7a8,447.6
60cd49cc10,221.7
60ce5bc82e,198.2
60dba47563,151.4
60f18b7ca8,411.1
60f32ada6b,123.5
60f536ed65,235.5
60ff7b5636,208.6
6125093798,252.7
612d21b803,550.2
61347c43b0,314.6
613c97c016,322.6
6155524f5c,263.5
615c8709bc,696.5
6166eeac69,105.2
616d184bdb,330.7
617bb856f9,493.5
6187b120bb,421.2
618b41989f,435.5
619768c16e,104.5
6198090d67,217.1
61a1ab3298,376.2
61bb0ba92e,137.2
61bb164531,199.4
61c4bfa006,349.4
61d7c36848,356.3
61e44919fc,615.1
61eb60abb2,592.4
61f55904d6,334.8
6206b3d6a4,160.0
620b6448a7,389.6
6211f01ceb,671.7
6226926162,696.0
6228311e8d,463.6
622ca8757e,306.2
623078ebfa,218.1
624e0fff26,272.6
625e3d2ca1,239.6
6273dce4de,172.2
6274bc76a5,93.8
6276233885,182.6
627c7aeeb2,200.3
6289a1f4ea,116.1
628f6b8699,439.5
62ab94e39e,192.6
62af60894c,115.1
62b10578df,156.7
62bc975406,587.6
62c1718c47,257.4
62c5d2761c,184.6
62c6f4579f,119.3
62cf0ffe48,249.6
62fadb655e,207.3
630cb20f1d,163.6
63107874d1,261.6
6311708274,134.7
632d3c83ac,483.5
6331dcfeb9,375.3
635a968316,130.4
637a74934b,340.7
637c3901b9,432.8
63836ba0b7,320.6
638ee08d57,145.7
638fd0dc68,365.5
6390dd3a26,96.7
63931a1a02,166.6
63b2213f1e,138.9
63bd85f1c8,149.5
63c45125be,390.1
63cf625cda,199.3
63efc5550c,394.2
63f4d1e3da,519.2
63f702512c,97.3
640c8eb2dc,647.3
6415379680,648.6
641a7039b1,227.4
64408ebe29,385.2
6455e45d3d,636.7
645d5b61db,124.7
645d905063,632.1
647adabf2b,131.3
647dddd60b,551.5
6480057b1c,136.4
648621012d,487.3
648e23f0d2,153.5
648f3de168,443.5
64a1c7771a,459.6
64a4b88755,235.3
64c01b05d4,359.3
64cb9bc3db,321.4
64d70149fd,234.5
64e94d3cd1,107.6
64f2892e3d,236.4
64fc60844f,468.0
650d2cc5e9,341.3
650d8fd192,463.7
6518cbe1f8,305.2
651bd96d1b,212.6
6521e144e4,550.7
6524d1bb31,110.7
653a3f8439,98.5
65407b0948,540.5
6545a5ce94,415.2
6553ab3c6b,333.4
657201ca8d,387.3
658aaf2523,202.3
659609a889,243.6
659d2282f2,104.7
65a9debe97,575.3
65ace01eff,355.5
65b6f1d8a5,194.7
65bfc79de2,660.7
65ca850025,508.5
65d0dcbf0e,187.3
65de976d22,134.7
65e33bdc36,343.4
65f56a85d8,213.7
65f66fe4aa,249.5
65f6977aa0,192.9
661dfaed19,247.7
661fe2ef93,300.4
66220becf1,474.5
6623f6bdf9,554.8
662432654b,408.6
662a660063,178.6
6630b17eec,515.7
6634444a0e,409.4
6651f58179,94.5
665386a763,261.4
665990018d,365.2
665cf9801c,538.6
6670c09703,240.6
6690ceaea9,242.5
6698410568,509.5
669980abdf,308.4
66d365b552,333.0
66ea6c700b,268.3
67019e06a8,251.8
67058d10e9,599.4
6711e72d3a,150.7
671478b74b,96.6
6718b1d269,368.7
671e3a785b,552.0
6725c529a4,382.8
672842025a,212.3
6730035c9d,565.3
6736a66c7e,338.9
673c16c0eb,535.7
674e3520f2,278.2
675ea82d16,108.5
676ff63f3a,93.6
677564d344,262.4
67966ae0bc,354.1
67a12855c8,129.6
67a2dee725,608.7
67a72b1b45,175.8
67ad9301f6,397.1
67b01eed73,409.2
67b5ed3dd4,218.8
67c59509b5,601.4
67c81207b4,140.6
67c91a062b,178.4
67d36aab02,118.3
67d5afe4d7,423.5
67d7bcc0c4,143.5
67db5220be,127.7
67eb4a9a9c,323.5
67f80f4ffe,237.4
67fd130321,499.4
6810e23b45,204.4
681ede0b70,304.7
6828975021,91.3
68327bedcc,353.6
684ae74af1,176.2
684c4eddc6,324.9
684ce7ddf8,200.6
684db6d4c3,302.0
685e27e5d0,492.8
688398b968,159.7
68a24015f6,268.8
68a8e9f36c,664.4
68afa914eb,492.7
68b20b797e,236.3
68b7f619f5,548.4
68c30569a2,677.9
68cc8d6be4,172.5
68d03c7b8f,151.7
68d6abd739,459.3
68e9649522,630.2
68f59e7648,604.6
68ff988129,350.6
68fffba918,182.3
6904a59740,231.5
69242fdbe6,109.4
69431868c1,595.0
69712bbe8c,296.2
6972e70f09,422.1
697708402e,234.6
697c3a6249,117.3
6985004982,93.5
698568df38,124.5
698925aa99,209.4
698943f0d4,337.4
69a2ae151f,166.2
69a3adb687,93.8
69c130238f,235.1
69cbf327dd,326.7
69d1d2518d,427.5
69d984dfd1,464.7
69eff03b7e,213.6
6a06b329a2,260.5
6a1e11f691,249.1
6a24c15153,440.0
6a2882271c,97.5
6a2a7d3500,196.5
6a3f425e09,151.5
6a65cde1b5,302.3
6a6faf355a,145.6
6a86376148,231.6
6a914fee95,312.1
6a99e6ca6f,598.8
6ac003e7e9,560.2
6ac1a14e90,202.3
6ac58aa700,427.2
6aca09947a,91.3
6acb64b57d,346.3
6ad74be7f1,176.7
6adc41cc23,203.3
6ae6e11980,128.5
6aebc354f8,258.3
6af3314454,668.5
6b00358a14,527.8
6b01a06292,402.3
6b12f2363f,145.3
6b1332f572,326.4
6b1bc140f3,253.8
6b28b53d9b,507.4
6b42a44440,632.4
6b47031c8e,583.4
6b5712cb85,318.4
6b5ce905fe,273.2
6b6bc8ab5a,124.1
6b7e9c6d45,283.3
6b895898d2,424.7
6b8b95eb98,609.6
6b8fee9671,112.5
6b921daee3,123.5
6badf93dcb,208.4
6bb45e85b4,145.7
6bb82d9101,640.4
6bba223004,409.5
6bba421523,628.6
6bbd1e66bd,271.7
6bd0e314d0,145.4
6bd195ebb8,304.8
6bdbcbb499,198.4
6bdd59f503,99.5
6becfd3ad2,661.4
6bf5bcbbd7,286.4
6bf7f73ec8,339.4
6c055d9217,278.4
6c0b1382c2,234.3
6c17c1f2dd,215.9
6c1ab290e3,115.8
6c214bce30,411.0
6c2891781e,112.9
6c3be97a1c,399.7
6c54948b36,662.3
6c578d20fe,215.7
6c601fa27a,184.3
6c6c4f7a51,301.1
6c6f354b90,157.5
6c74b9aa19,501.7
6c775b3de7,237.8
6c8f3575bd,321.2
6c903c78a2,200.6
6ca38a2b1c,125.6
6cbceba99e,406.5
6cc2f8d5e3,307.3
6cca2fc053,548.6
6cd6d9f82b,233.5
6cd9156b70,320.2
6cf3bfc87b,680.8
6cf62bc1fd,534.7
6cfbf85dc4,211.7
6d2b5ce496,394.7
6d3eba328f,210.2
6d4728e94f,96.5
6d65cbd061,325.4
6d77ac3b01,287.5
6d8e090bae,376.4
6db08197a4,431.3
6db32b55aa,244.3
6db605cb13,174.4
6dd8ba761e,628.4
6de74ea2ea,90.9
6ded1258de,143.4
6e0a0d8d6e,338.5
6e0e2c033b,542.6
6e18749722,442.2
6e1db98cba,283.3
6e2b2c1a03,123.4
6e4d25528c,209.4
6e4d3f75d7,200.2
6e4d5807b5,181.3
6e57e99b36,161.5
6e5870b4c4,656.8
6e71e83436,161.4
6e7ba5e869,200.4
6e7c476c12,99.9
6e85687c32,108.2
6e9007cf09,282.6
6e96b527cd,667.4
6ea8e78289,266.5
6eaa5dd528,144.5
6eb4e734a4,627.6
6eb9f4ca3e,386.5
6ec8c2681f,325.0
6edbec270b,597.1
6eef3d9d87,444.1
6efc5d0af0,356.3
6efd4e3642,200.5
6efd6496bf,217.6
6f0427fbf4,189.9
6f1201f24b,517.5
6f282d7ac9,236.5
6f39f2cf01,441.6
6f3bc1b05b,676.4
6f42f7e2fb,453.3
6f50c9bfa5,352.7
6f75e5532d,158.4
6f76b67c13,105.4
6f7e74f02f,198.6
6f85939c67,385.2
6f8cb74618,191.2
6f9dd2c521,214.1
6fa16f8316,142.3
6fa47ca8b4,312.3
6fb0f024bd,365.4
6fb46ddbd3,128.6
6fb911dcf8,221.9
6fc859f491,422.8
6fd85973e7,541.2
6fe0f78c96,499.1
6ff1562d2b,261.4
70060ac684,334.3
700ac0f7be,384.0
701bab7099,543.3
7027b61946,462.8
702dbd0fb2,407.3
702ebc79a4,115.2
70378497fd,234.5
704056e761,283.5
70490f8648,637.5
705e30269f,220.9
705e98737c,170.8
7061e2d79e,143.9
70760dfc0f,114.3
7079d644c0,93.6
7088b7874e,207.6
70aa62a843,444.5
70afeae82c,99.2
70b5babdb4,378.9
70c5405124,96.4
70cb35efda,97.4
70cc6e81c3,107.8
70d8b73684,276.0
70dab62901,277.5
70db2ad16d,291.5
70ff3f2a45,204.6
710ca11efb,325.1
7111fa4679,184.5
71176393a1,540.4
714418a7ab,255.6
714ef785a6,108.6
7162acccfe,719.3
7163a53245,110.4
716841ca95,121.1
716cbc6933,175.5
717db5c4d2,102.4
7182211c47,651.5
71997bc460,499.2
71ab9ab52c,134.0
71d76ad128,252.1
71e09422a2,222.7
71e1edc6da,127.6
71eaa2ac60,138.5
71f078eb6d,122.4
71f6f5a670,413.2
71fe7efce5,535.7
7204588e7a,292.4
720c67ab7d,537.6
7216be8125,625.6
7217f2fc27,376.2
7219380a16,112.8
722b6cfb26,135.3
723d282c32,274.2
723e94bbc2,289.5
72597d6152,236.5
725b0302a6,584.6
725e43a4d2,495.6
7261f419b8,149.7
7264814911,389.1
726af59a05,340.7
726f2932f1,357.5
726fbab9db,119.2
72853845f8,126.4
728ea0ab65,302.5
7291bb1936,265.3
7295f77922,122.5
729c6a4260,186.6
72b30f0ff8,226.4
72b7bb3a40,97.8
72bfa97588,191.5
72c2cdfb6a,401.0
72c9c0511e,268.6
72ec31e72f,142.0
72fb581e86,277.3
730ac11c0e,108.4
731045c30a,98.4
731551c4d2,206.4
732afb781a,116.8
732da2349f,168.2
732ea11f83,231.6
733dfcc05c,630.3
733edc5eee,323.3
7347d3b20c,143.5
734d83bb25,271.2
734f11b395,242.4
737ab2900e,110.5
737fcf3ffd,373.8
7383e157e5,132.2
738a194dd1,422.3
73a129904d,325.5
73a42cb84e,396.7
73a78ddbe0,382.7
73be766541,170.4
73cda6e23b,111.4
73ce215956,382.4
73d00b9e49,368.4
73ded7b2e0,132.4
73e20f6c65,184.2
73e6615fb8,308.5
73f7da0cb7,246.7
7418e8a8c6,253.7
741e21f014,439.4
742e22b8cb,425.3
74328263a3,491.3
7436b6f033,115.5
743f3adc84,593.4
7444da83bb,562.1
7446252b7c,275.4
74546ecd28,477.5
7457049c30,533.3
746819b970,214.5
74772c0f8c,137.7
74777e77cf,100.4
747df3dfb1,184.7
7483b1d763,438.3
7496931762,452.6
749a60cbe5,425.7
74b4bdc1cd,318.4
74d74ebe74,134.6
74fa13ecc8,171.5
74ffc26510,213.7
7501e80e92,282.5
7507ab4fc0,135.6
7507f16a48,188.5
750bd0dd16,286.5
7514f536c9,142.6
75272a3cb6,101.1
7531c8022c,120.6
7549a5cdd8,242.1
755b7708dc,701.7
756e9a03ce,159.7
7574b62ab1,95.4
7579bd137a,166.6
757c59206f,239.4
758d60dfc5,179.6
75a07073a7,688.4
75adf3cddd,255.7
75b151db39,405.4
75b33f694d,340.5
75bbe615b8,299.3
75c0fc66b0,289.7
75c7cdaa8c,194.5
75d41f5fcf,275.2
75d6707305,209.7
75fa4175a2,554.2
75fe4f5454,106.6
75ffb6e266,289.6
760c18e06f,95.4
762488208,113.7
7626348887,242.2
762d3f2751,95.3
7632c52310,565.6
763d0c2019,111.3
76404f09e8,208.1
764af4217e,90.4
765338493d,468.4
7656f5ce3d,234.2
765b095bca,184.3
7671d90cb7,315.2
76893f9ebf,105.9
769fffc421,166.5
76a4b1979a,251.5
76b02d9017,246.4
76ba203dcf,340.4
76be16ce71,386.6
76c2ed90e1,430.8
76cefbfaa1,136.6
76d75e7b96,420.1
76df394c1d,487.5
76ec0c2381,297.5
770a0febe8,152.1
7711897bc0,584.5
7723390bcb,598.8
77419fca12,272.5
774a0e528b,639.6
77586d88d9,114.1
7766ddbc05,426.6
7771f0bcd0,335.3
778c28efc2,95.4
778c7ed95f,116.2
779e648f00,239.6
779fac1677,117.2
77aef88b74,237.3
77d1d32340,342.6
77d2b4a9e9,245.6
77d9ac51d3,219.5
77fd735db2,135.7
77ff725abb,148.6
780ace23e8,152.4
781a1651ce,266.7
781ceee4a9,193.1
781eca8eb4,245.5
782621e5ae,226.2
78287fac05,214.4
783e440281,347.2
783fb883eb,358.5
7844cd73c1,165.3
78666f5e57,225.6
786897fc2a,280.7
786bf3cfb4,390.4
787aacd0e3,536.6
7894071786,360.7
78a5e462a2,100.8
78d21cb7a5,473.8
78db0261c3,116.4
78e733fdb4,190.7
78f368d99d,319.5
78fd7e8b4f,595.2
79003f7e87,722.5
7914534afc,559.2
791b43a681,392.4
793b4cce04,188.6
79454c1990,92.5
794f2a9242,166.1
796134a913,182.6
796b270893,280.6
7973b33e4a,100.2
79819b89c0,491.7
798ade1e73,434.4
7990a1d58a,302.7
79a204abc1,137.5
79a7e77b26,713.6
79c3fa4c7a,231.7
79c420cf9d,191.6
79cc6126a4,389.4
79d6dcccb6,124.7
7a02230923,129.7
7a19eee014,466.5
7a27493216,596.9
7a27f32378,473.1
7a4b6776c5,93.2
7a537aa734,183.1
7a751dd02b,116.6
7a7df5779e,361.9
7a8043d6f0,304.3
7a850547fe,136.1
7a919297b5,260.0
7a95f1d7f9,198.6
7a961eb069,473.7
7a9c82da88,466.2
7ac932c690,99.4
7ad2416c32,178.3
7ad38cd2dc,241.3
7af38f8baf,139.7
7afb593dd0,100.4
7b08d17041,196.6
7b12a9ce19,309.3
7b1ce5684f,131.9
7b200b6945,184.2
7b2151f42d,219.2
7b2df8f720,238.6
7b3058a6f8,391.0
7b3d86d792,715.4
7b423f52be,207.5
7b53a08364,572.8
7b55348835,135.9
7b5d4881dd,283.4
7b668eee07,110.6
7b6a0bae46,182.2
7b6a35ce69,92.7
7b895b9f38,500.6
7b984114b3,372.3
7bab681321,261.5
7bad6e8531,192.5
7bbf065fec,449.6
7bc68db5d4,103.2
7bc6d6917b,123.5
7bd63e9008,171.3
7be05385c5,451.4
7be3eab63e,203.7
7be67b18a7,682.0
7be96b4501,233.3
7bf1cc237a,318.4
7c01cc65be,193.5
7c05bcb2da,173.4
7c0736dd76,243.7
7c0993815d,173.6
7c0a50a7e9,235.4
7c0ff06b27,414.7
7c1bea5952,474.4
7c28ce2452,258.7
7c35fa2664,285.6
7c4512506f,378.3
7c48d833fb,179.5
7c4bb39a0f,165.6
7c4fd9ba1e,289.1
7c52ca226f,336.4
7c545863c8,609.5
7c5ac1b3d3,252.3
7c673a8103,492.3
7c6ac9edde,91.2
7c6f2423a6,382.5
7c74cf1574,213.6
7c751df0d8,183.5
7c75619016,443.6
7c7918160b,469.5
7c7dbd3bca,128.3
7ca9e670c2,603.4
7cb106b6ca,437.1
7cc864c4a4,333.4
7cda4d9035,266.5
7cda6a0ff9,390.4
7cdda38217,157.3
7ce82cfca4,571.6
7d0c4dce59,317.4
7d0d75faeb,500.2
7d113597d3,168.4
7d156b88e4,513.4
7d15cfe118,528.6
7d16dd7218,179.5
7d1fd4f6d8,154.9
7d27c8ca9d,206.4
7d2ed8b226,240.7
7d6425bd73,172.9
7d6ce189d9,267.2
7d80203368,568.1
7da1574f48,183.5
7dbdfd664b,136.8
7dd1d3d98b,207.7
7dd807a637,382.7
7de3fef81c,186.6
7de87880ce,390.5
7df8ec1ffd,384.1
7dfd7f9543,391.4
7e0cbf803a,242.4
7e1416e880,130.4
7e1a49ca9c,151.5
7e27273b0d,509.6
7e2f4795a9,163.7
7e31d17ed7,435.7
7e3a0fb1d9,480.3
7e3e32c421,631.8
7e3fe2b4a4,145.3
7e4eb928a4,353.5
7e56631e53,101.5
7e5970fc07,465.8
7e5e35705a,221.2
7e71a4cac9,137.6
7e73ec75eb,234.5
7e830e9712,115.2
7ea47efa4c,291.4
7ea54e75db,103.5
7ea884272a,139.2
7eae3f064a,203.5
7eae5398ef,130.7
7eb83ec824,347.1
7ebb66f90f,608.4
7ec0330dca,103.3
7ec7a2331a,264.5
7ed51301f3,307.4
7edae90439,292.8
7ee76c9b74,140.9
7ef96b3be9,289.6
7f0b7d4900,330.2
7f0b886881,216.3
7f0f06079e,667.2
7f11f712ba,214.4
7f18f8be49,166.7
7f23bc533f,262.1
7f33f18eed,113.7
7f3d6b7d5b,647.4
7f4ba03c8e,94.4
7f5034931d,376.2
7f526d0dc0,130.6
7f7b457e3f,608.8
7f8e73b43b,580.2
7fb0bd60f2,605.3
7fb49a07d0,279.3
7fc2c96e52,128.1
7fc889d7c8,243.2
7fcc88602e,262.2
7fd5bf3a10,200.5
7fda0bcc7e,445.4
7fda759f60,92.2
7feae79fa9,92.6
7fec0ac08f,151.5
7ff9c4798a,569.2
7ffc1b9069,175.3
8.10E+88,171.3
8.65E+15,158.3
800ba62789,195.4
8021af12a4,260.3
8021cba37e,218.8
8033bcc2cc,186.6
803c19a3ff,151.5
803ebc5ab4,414.7
8051a54f27,180.6
8051ad0f20,262.4
805987aba7,170.4
805d32852f,269.3
805fea1951,283.0
8062e5aa6a,193.5
807395ab1f,375.3
80803f443d,91.4
808ae3fffb,263.4
809dee18e9,111.3
80b065ed67,529.4
80b628533f,158.7
80c54105ac,118.0
80dd5f1bfc,95.5
80efbba8f4,604.4
810828505f,261.8
810e138f9e,654.7
8127b987b1,218.7
81298e65d2,540.7
8131a8969c,632.6
813ef4886a,126.5
81482f1245,172.6
814cdc2834,116.3
8158669709,425.5
8176e5b4b0,426.2
8181c40463,441.8
8195823765,416.1
819ee97a09,172.6
81b1dc6244,217.4
81b3f9a26a,168.9
81c0966574,99.4
81c0a1e74c,458.8
81c306f6ed,222.8
81d6f57f24,424.2
81d9a8cebe,205.7
81e360182c,207.3
81e504c542,251.8
81e5b54069,579.5
81eb00df3f,271.3
81eb49ed46,198.7
81efc4c883,99.6
81f9278c6e,115.3
81fc765df7,570.3
820655df7a,282.6
8216bf3da9,216.5
8230429e8b,243.5
8237339d76,298.3
823974c445,123.6
8239f5ce00,200.4
824b6b0dc2,440.5
826222ccf4,256.2
826d94dbc5,335.5
826e38c0f7,166.7
8273f0d714,160.2
827c67f1d7,592.0
828fbde16f,156.8
82af28e8f2,248.7
82b12f32b1,325.4
82b7b3fc6d,298.6
82bc2c0371,135.5
82c1e13932,205.1
82c36e3217,330.5
82c95e2388,663.3
82cdae5980,459.2
82d4ff91c4,298.4
82f2ed6399,581.3
82faaf67e0,337.2
830ef36eb6,227.0
831017e03f,173.7
8328450f1c,96.5
832eb0b8c7,153.0
8338e1cd80,137.4
833f9e6348,663.6
834c233f88,249.6
836b685536,393.3
83720ba1d1,229.8
837bff31dc,132.6
837fd90231,95.1
8386835ada,240.5
838c9b010a,163.8
83bcf349b4,155.9
83be036b71,159.4
83c64fdb99,174.3
83cf4e1738,196.7
83d33679bc,285.1
83d60f4a2d,243.7
83e95a1810,538.0
83fd232e10,101.6
83ff64f09a,190.7
840be45c33,365.5
8410914f16,169.6
8414775c40,559.7
841e750266,90.5
84216b3da5,100.2
842cd11715,138.4
842d068818,504.7
842e5691e2,448.1
8452d7e7eb,403.4
845db476f3,536.5
846209e622,158.8
846316859a,371.2
8465cce210,394.6
84796ce992,616.6
847bddaa0a,289.4
8484d391f1,279.5
848687327,399.5
8491989614,644.2
849b94c5e8,433.6
84ce962dca,111.4
84e4dadb5a,261.5
84e6eb920c,347.6
84efebf15c,591.5
84f1ebde33,598.8
84f2d7769a,193.7
8502ac9dbd,200.5
85201eb9c5,114.4
8520964096,431.5
85287246ed,284.5
8529ee86c0,342.3
85346edcc7,137.7
8549986b83,442.5
854d9f2a2d,279.2
8568634139,152.6
856c80a79c,483.1
8580190409,92.4
8580d63885,628.6
859a37cb7e,560.6
85bd5fc457,342.3
85cf2dbf3e,138.7
85d7ee0366,609.6
85d883a2c6,250.2
85d97cc637,625.1
85e25e9e2f,558.2
85eef89653,239.3
86094718fd,301.5
8618783a8c,148.4
86424f1e67,106.9
8652246026,208.6
8659fbf5a4,251.5
8687bfa57c,519.2
8687f6c58e,143.8
868c1dc6f2,102.6
869b09d247,374.9
86b0a7dcd5,555.4
86b96346f5,128.1
86c7a10264,179.0
86cdac1be6,412.7
86e5339875,240.1
86ed9cdde1,306.3
86f216bd1a,529.8
86f8408d71,239.3
86f8e7439e,143.9
8703d17f44,129.9
8708f8abab,332.7
8733512a64,280.2
87500572c0,225.5
876d38e3e4,599.1
87737e8521,512.4
87828bdcfb,649.7
878a5e290c,278.3
878f9019c5,239.1
8794cd7153,424.5
879e62557c,240.1
879e646c5e,350.7
87b21cd5a4,273.4
87b321a62d,90.3
87b8a044ef,351.5
87c426df45,345.6
87c49ec26e,235.5
87f416fedc,220.9
87f5b80fab,215.3
87f64e0419,642.3
8808bc5c3a,408.4
880c3a480a,520.5
88240f81a3,142.8
882963e7e7,127.5
88482b7622,103.6
8848bb5538,144.6
884d72860f,315.2
8861928d91,388.5
886bc8e2c0,245.7
8874e40162,489.4
8879f7d322,346.2
8885123dd2,660.7
88a8be0a7d,144.2
88b285ea07,309.0
88d891c708,302.5
88dc802faf,178.8
88f1763845,93.6
890e85fdf3,477.2
890e940630,229.7
891e40e80d,194.2
893c561393,352.3
89674525d6,111.4
896a635dc9,612.0
896bd4a326,146.4
8971843a15,462.6
8976fbc7f3,168.3
8978dd159d,242.7
89934ff547,437.3
899e2fec96,343.8
89a92c88f1,469.4
89aca169f1,234.6
89b1921fd3,126.8
89b65a73f7,230.7
89b7b3ecdf,598.6
89bac4c2cb,182.4
89ced9e76f,206.3
89cfe80232,237.8
89d62acb73,135.5
89ee115fb8,141.5
89f5ee4c90,646.5
8a124041a8,435.4
8a16eb2d1e,330.3
8a1eef2221,514.3
8a64945a63,302.5
8a7a321a9f,399.2
8a81e3a7a7,352.7
8a860e94a9,249.7
8a8abaaa88,93.6
8a9ac36f64,213.5
8ab78b925e,589.5
8ac359c2be,476.0
8ac814178a,248.1
8ae03a5084,135.1
8ae6de4e28,157.4
8af2bf07e8,243.4
8af2d4bb63,399.6
8afa38aa10,106.5
8aff3bc4fa,109.3
8affd2ac78,141.7
8b00a3d856,575.3
8b61acb03d,625.5
8b6945712b,104.7
8b76755051,114.4
8b7c3b29c6,472.4
8b7d28a4c1,335.7
8bb15df846,178.7
8bbd1300c7,207.3
8bc2f623a9,106.7
8be336b5b8,284.2
8be741182c,191.0
8be82b0d94,511.0
8beffbc1c9,181.6
8bfe9d12a8,224.9
8c04186b8d,128.3
8c0df935c2,151.4
8c1c5c42c2,101.3
8c32bb1b3c,198.3
8c5edb2c39,255.6
8c6b119cb3,174.1
8c6dab1149,281.4
8c875cb79c,184.7
8c9db863e9,214.6
8ca96844dd,113.7
8cbff9b7d5,110.5
8cc15814ff,383.2
8cc6c6fcf8,203.5
8cda300531,516.8
8ce13fda0c,103.3
8cece99935,210.2
8cef14dd6a,654.4
8cf1efac18,282.8
8d04f6463b,648.7
8d0964e3fa,142.6
8d0a36d32d,209.4
8d184700c4,486.3
8d1f46c326,663.7
8d22043322,150.5
8d26adcc8b,341.2
8d2c3a97ad,188.8
8d3a279b25,319.7
8d3b3dbb2e,477.5
8d3d66a648,258.9
8d561c94d9,396.2
8d6d32590c,151.8
8d6e36b166,101.4
8d92789119,116.6
8d9f148cda,297.6
8da2bce2c0,151.7
8dbc75776f,236.2
8dc893794a,109.4
8dce1ef870,624.1
8dd6f50618,693.4
8dde9f1730,192.4
8de0dcf425,522.7
8de83278e1,589.6
8deae20986,130.5
8dec048e34,103.9
8df6f7a994,127.3
8df75f292a,378.4
8e092c7b09,105.3
8e0f0b8092,109.5
8e1707cbe5,576.4
8e1dbe0d6e,144.6
8e4426055e,191.8
8e5b144ebf,242.4
8e5db97ade,283.9
8e64718962,163.3
8e6b55ce80,508.5
8e70715ed3,568.4
8e70968207,480.6
8e70ae5df7,204.8
8e735faca0,210.8
8e73730500,142.6
8e7cdf0d21,261.8
8e82550afc,98.3
8e833f2b14,98.4
8e87d36ffd,102.5
8e95db271a,670.2
8ea655efd7,144.6
8ea69d66cc,218.5
8eafb03f13,418.5
8eb65a34c0,142.4
8eede93849,205.6
8eee3115f3,153.1
8f045fef34,103.8
8f064077db,97.3
8f1802aae5,115.8
8f2154d33d,287.6
8f27b9e774,382.4
8f331ae5ba,528.0
8f4020de8a,138.6
8f418582c1,449.5
8f46815116,679.6
8f4b9ac672,575.5
8f71439c84,492.3
8f8935bcc6,410.5
8f8962ee5e,137.6
8fb063041f,531.6
8fb5192e64,236.5
8fc815e271,170.5
8fd59acff6,571.6
8fdeb0d49b,165.5
8fdf82ce91,221.5
8fe3d44f04,519.2
8ff237bebf,568.4
8ff7382f30,188.3
8fffd06d8d,289.4
9.11E+70,168.6
9.56E+16,501.4
9003f1b48b,96.5
900e274cff,100.6
90104ac20c,207.6
9017e5e44d,548.7
9021519dba,186.5
90239abaac,197.4
90303aee56,496.7
90362bf2cd,384.7
903ed3a8b5,215.8
90485521f9,99.8
905d57ad92,240.4
906a20ffd7,376.2
906acaeabc,234.3
906dde5c8c,263.5
90744e10ca,270.5
9078cbd4c2,179.6
9078f56194,124.6
907a464b57,90.5
907e34dfba,214.5
908eadfb50,387.5
90a88e2c64,390.3
90b40a310f,419.7
90b9a23231,352.6
90c21ce7d2,162.3
90d15cf959,430.9
90d1c59ef5,122.9
90f1bd9ea7,199.5
90f3ab006a,130.6
90fe796670,433.0
9108903888,139.7
910fe0ca48,471.6
9110e4d2b3,238.1
91146ee536,229.5
912944eeaf,311.9
912b1c00d0,209.0
912b3507ff,421.9
913ee96e6a,500.4
9140be22f6,427.3
9143deb982,448.4
915cc3e5c5,397.3
917dee1b9d,137.1
918d490267,307.5
9191df59c6,226.7
91991c2db3,262.6
91b3c268c7,291.2
91b3dcecf1,134.1
91b792ef2d,187.8
91c31be317,306.2
91dbec3c57,135.2
91df9b111d,377.6
91f1c84c08,179.5
92028c6e1f,297.1
9212a6d430,272.0
921782ffc8,116.9
922866b191,178.6
9228f9ddb3,260.3
9235d96c74,699.2
924174b0b2,364.5
925a4cdfb7,297.7
925ed6aeaa,273.3
925ef30c31,457.5
926b954d11,184.6
927c1a3403,122.5
927e4ec44e,574.6
9288d68ad7,432.6
928da0204c,506.5
929b3d2283,370.1
929be2a394,90.6
929ec2a3cd,102.5
92a2010caa,629.3
92aa6b073f,216.3
92d3a7e378,611.5
92e8f9513e,687.7
92ef21a275,511.6
930177f501,141.8
93053dfdf0,394.7
9306b521e7,171.4
930cc6028e,323.3
93191b1512,123.5
931b7fce18,103.4
931ef07be2,175.6
931f891fad,276.5
9330c05a89,121.0
9332548e6b,145.4
933d525c0a,129.2
9368017d9b,509.2
937593925d,158.7
9377e0508c,152.4
93833498b1,109.5
938a12b8e1,129.8
938e6fb8a1,508.5
939abf8efd,597.7
93c247a1fc,195.6
93c2b68816,133.4
93e00c1cca,147.5
93f2ea2869,96.4
93fa29fd13,120.6
9402b984ca,315.9
941b2b7291,141.2
94252baa3d,497.0
942f126563,207.5
942ff549ff,446.4
9433e5ba81,370.9
9451c28db7,141.7
94532d022d,245.4
9453ef9d15,366.6
9454da524a,430.3
9467cfc7ba,543.5
9471bae4f7,215.5
948805e776,662.7
948d106b52,573.4
94c1af5d0f,482.6
94c5fe09b0,296.1
94d2133957,211.5
94f21b800e,141.2
94f544e221,442.4
94fa0f0389,111.5
94faeb8fe5,247.6
9523f8b3a7,557.7
952ef85889,244.2
952f678a1f,122.5
95360db167,101.4
95453a16aa,422.5
955233a71b,602.4
95584ea14a,389.4
95591cd260,579.1
956a61c76b,436.8
956ef9a911,208.5
957250323a,90.3
95748c4522,356.3
958699d36c,361.5
9593c6ea3a,103.5
9596f565d5,262.7
9598b87eac,182.4
959989039f,169.6
95adfbb3f6,91.4
95b7d7dfc0,236.5
95f80b5de3,493.9
960c19c68f,501.8
962f64675c,170.2
964ae7bb47,165.4
9653fb2aa0,124.7
9654062010,236.8
965e0ea27c,429.4
9665ad8176,372.6
96661eaf24,297.3
9667d11f0b,263.4
966e207546,317.3
966e9e68aa,273.1
967439410e,273.8
96764b7a17,471.5
9685743601,180.3
96865d33bf,129.6
9686c94627,248.4
969057d6ed,527.4
969c5851fa,535.5
96a0c30223,96.3
96a63a1f28,257.6
96ac9fe1cc,243.6
96bca691eb,158.3
96c2c7518a,183.7
96f8086b7f,278.5
97000c5a3d,605.1
97179c8261,421.1
971b102d1f,289.5
971e263dd2,513.5
97275c48bc,623.1
973318275a,725.2
97382a4826,251.9
973c966a87,555.7
97815bbc71,124.5
97a80eec9d,625.5
97bfa5ac5e,158.5
97c039d364,91.3
97c18b0cbb,538.2
97c18eebf0,293.6
97c50875fa,211.1
97c8a25a20,621.2
97c96358a1,568.4
97cd3e0f7d,379.1
97d1efb663,332.0
97d9e208ea,229.4
97db4dc818,331.5
97ddb00ef7,252.5
97e5e49be5,95.8
97ec9a169a,347.4
97f09611da,175.4
97f17629b3,346.5
97f39d3cfe,546.1
98106314ad,696.5
98114a8508,127.8
981637c013,309.6
9823b74cc3,669.5
983c8822fe,264.6
9841a7cf2c,355.6
9847b12953,465.6
984c185140,134.4
984d396f35,123.3
984fa1ba2f,180.5
985d1ac7e7,93.4
985d9aef82,396.2
9868302e5b,374.6
987e4148c7,110.7
987e4f20d8,423.4
987fc27437,169.7
988269b4df,212.2
988409488a,241.3
989eaf7da0,253.5
98a43be4cc,447.7
98a497189d,233.3
98adc013d2,218.6
98c143308f,463.8
98c94c79ec,429.4
98cc01d888,310.4
98d3d1de04,642.1
98d51b96b9,430.6
98dd35c6c1,226.2
98f4cee4f5,394.7
98f6feb516,401.2
9908c9f56e,560.6
990c68ab0d,632.1
990fb5c1da,515.4
9914c4226b,554.7
9927259db4,332.6
992fcdcac3,113.5
99356d61e9,362.4
9946792075,169.1
9949c4fc19,274.3
994da28b10,372.8
9955e16cfc,490.2
9963a11d63,451.4
9983bcc5ca,236.7
99870ff06b,207.0
998ec828d1,707.5
9994e9b6a6,180.2
99973f8b52,318.3
99a129c0d3,169.6
99a19a4d44,255.2
99ac36cc62,458.8
99b8a145ae,325.5
99be48917d,118.6
99c8604dc7,269.7
99cb980a05,354.4
99d3f6bdf6,385.5
99d50207e6,543.8
99d86b83bd,679.7
99dbb0317f,280.6
99dfd1f75c,417.9
99e326337a,687.1
99ed9a0978,428.4
9a0b3ad92b,90.4
9a286008fb,169.1
9a2af7c4ab,198.2
9a38fa49f6,233.6
9a3af7850c,268.5
9a3ca5e0c4,337.8
9a590d7e0e,117.2
9a6be8a617,445.2
9a6c00e821,133.6
9a7b10d771,211.6
9a7ced22b8,114.5
9a8b93a0eb,102.2
9a91e1b75f,99.5
9a983ad1f9,719.8
9a9bea5b54,564.4
9ab723baf9,390.0
9acbd114a6,269.5
9acf6e5473,235.5
9ad8a8b926,237.0
9ade7744f3,444.4
9adec16d6b,347.0
9ae214bb66,371.4
9af8d31d54,554.8
9b09154877,175.4
9b0b5560cd,448.4
9b111546b4,94.3
9b197bfc7e,250.3
9b1d4291a1,234.3
9b2533dd9d,223.8
9b298a5bbc,551.6
9b3b264f23,372.2
9b55dc7e64,107.6
9b5e403145,170.4
9b60c4f7af,157.4
9b6930a126,128.2
9b6c537d1f,150.3
9b6ee77be2,346.4
9b78d22cec,116.1
9b884c9185,357.5
9b9c443885,194.7
9ba05d1119,182.8
9bc0c3dd8a,289.5
9bc6356cef,232.8
9be04e6fcf,263.6
9bf7eefe1d,424.3
9bfbc3bbe3,152.4
9c0903d741,181.3
9c0eba1cf9,113.1
9c1e94c43b,158.6
9c213d6f32,213.0
9c23948bfe,210.5
9c45ccb093,150.3
9c47fc96f5,488.8
9c4a7821f2,228.6
9c62796f40,102.8
9c62f05209,392.2
9c64d7ece6,137.8
9c6d8c2489,240.1
9c7257a57d,156.7
9c73f04ed0,263.4
9c7c3c7724,231.9
9c87d90a82,477.7
9cc2bdaf84,171.2
9cdffbbcbd,589.1
9ce6b64324,363.8
9cf11e13dc,170.3
9cf13cb05a,161.3
9cf87c2a9e,229.2
9d0cd7fb94,262.7
9d151f08d8,420.4
9d156d4145,208.4
9d16449317,382.5
9d1d599e0b,244.6
9d1f48d748,498.8
9d1fab3e06,132.6
9d22074d86,216.1
9d357bebe7,563.9
9d367aecbe,439.0
9d3edfb8bd,288.1
9d4f244b7a,202.5
9d4ff2f83d,599.2
9d5acb116d,249.2
9d5d25da03,321.6
9d6c2c3c18,204.4
9d764420e6,576.6
9d7e36fafa,187.3
9d83242305,647.4
9d856bf579,127.9
9dad074b99,227.4
9db02e516e,361.0
9db8079c1f,131.5
9dc2d67e28,204.5
9dca2dbcf1,324.7
9ddc033174,408.1
9de934d09f,513.6
9df9b78335,207.7
9dfdc8df16,449.9
9e23fb7e33,652.7
9e35362076,619.4
9e493f2001,494.2
9e58e8fd55,710.8
9e6919f4c6,165.4
9e74a0623a,570.8
9e88289d13,201.4
9e8aa6dee5,554.8
9e978edb14,475.6
9e9e9321ca,179.3
9ea2e54c6c,382.7
9ea3ec046b,455.8
9eadf0dc40,131.5
9eb8e69486,252.7
9ed229d1ef,172.1
9eee31cf2a,155.4
9eeed7fa40,213.4
9eef505c68,95.8
9f0508694f,147.2
9f0d143faa,277.4
9f26ea14fb,231.4
9f27814f6a,285.2
9f2ad06859,594.0
9f36761552,514.4
9f57c0451c,391.7
9f650165b1,94.3
9f67260bd7,291.1
9f67bf71d2,190.6
9f6878d5af,145.1
9f698c9bc5,383.1
9f765e0780,288.6
9f79ca1116,522.0
9f7d74ae95,270.9
9f86f69ca0,551.2
9f872d84ff,128.8
9f8aa22c95,91.0
9f8d018126,227.3
9f94aeed76,132.9
9f992fb6de,218.6
9fb7547e51,122.5
9fb9ed51bd,467.2
9fe2711656,337.3
9fe3707299,326.6
9fe95112f0,455.9
9ffad3bef2,583.6
a006c4fc14,536.7
a01f5b50ee,452.4
a01fbca3e7,590.7
a038b97947,201.3
a03c3944d3,185.5
a03ec29d98,627.7
a03ec2b3a3,496.1
a03f66c826,446.8
a0494e3007,136.7
a04a0a1a28,615.1
a0527cfa74,127.6
a057079a60,316.6
a062af39c2,214.6
a06907d7ac,221.4
a06e8d6bf2,248.5
a073585690,316.2
a07fcfb5eb,284.5
a092c06beb,368.4
a09e557f4b,447.5
a0a484316f,575.4
a0add3b719,477.6
a0b24c1d33,203.3
a0b3489f05,347.2
a0d51a1d0c,174.1
a0efdcd8a1,421.2
a1051c396e,152.6
a1081e2f20,346.5
a10b26caf7,344.4
a10e16b0ad,90.3
a1135019e0,169.3
a116546ac7,177.6
a11b903129,103.4
a1216e7ffb,290.7
a127af3158,155.8
a12e560259,137.0
a142c7fd64,91.4
a14321c16b,309.5
a14c53a8f4,136.6
a14dc8f1af,309.7
a157e63bf5,608.0
a161d44ee3,486.5
a16cd3848c,602.5
a16f6749e4,330.5
a17e1d55ac,187.4
a190ae41c3,474.6
a1926fcbf5,577.1
a1979b7ec3,465.8
a1a33a8f84,558.7
a1ada06a1a,580.5
a1bb998761,430.4
a1d4e003ec,355.4
a1e10e0a51,414.4
a1e989ee15,103.6
a1eaba9760,100.3
a1efbb4b3a,665.0
a1f4b76462,426.3
a1ff13dfc7,140.7
a20a19b8a7,474.4
a20d4df920,99.5
a21f77d95b,190.9
a234a96fef,380.5
a23ac615f5,197.6
a2622a91c2,156.5
a263f08f17,578.1
a2744c25d5,349.4
a2752a4cf3,298.2
a283bc981d,230.0
a29b98d7ea,240.2
a29c90dbc6,226.3
a2ae6ec8b9,432.7
a2b0c700c6,456.5
a2ba578829,533.6
a2d504241d,699.3
a2e3e71307,123.6
a2ef9b0ad3,237.2
a307dbad74,451.4
a32a071b57,173.7
a33553a00e,296.2
a34ad67250,240.1
a3588514b0,354.3
a3619d872d,488.8
a38b95e350,662.2
a38d61930d,498.1
a3a78288cc,195.4
a3afdf637e,209.0
a3c1f5de06,152.2
a3d5b78039,367.2
a3d746dee0,431.6
a3ef513285,155.5
a3f345be20,176.5
a3f614ad7f,399.6
a3ffff8116,502.2
a4117435a7,172.5
a419790d57,365.3
a41cf9059a,121.5
a43932c4ea,183.3
a4436027af,207.4
a44a6b06af,119.7
a453cd69ec,205.6
a459e3e6d9,125.3
a468dbe615,543.1
a47bba4c18,171.5
a48e4844df,128.8
a49740078a,193.5
a4aace9f1d,642.2
a4ad0f33d7,662.6
a4b150283b,277.4
a4bed32b52,394.2
a4c2665651,548.1
a4e328e804,328.7
a4f251bed4,204.2
a4faa710b6,480.6
a50313a0ae,123.7
a50b3ba41f,178.5
a51943a141,144.9
a51acae593,107.5
a5280b2bcf,236.6
a532b43724,234.3
a53bd0ba33,291.2
a5434194dd,663.4
a549916a7b,170.7
a5501e1792,206.4
a560d0acfd,391.2
a57524b587,407.3
a57ce03db9,169.3
a57eaf3c13,136.4
a57f246512,442.3
a599433947,621.4
a5a526f21f,221.3
a5a7f89ac2,114.2
a5a8534865,409.7
a5b4eee812,360.5
a5cd174a17,117.7
a5cfa4ba57,337.3
a5d4d8c7aa,424.4
a5d80e9f1b,366.2
a5d87dac5c,104.8
a5dc2724c2,172.8
a5dc4a5967,672.3
a5e82e285b,199.3
a5ec5d3df8,253.5
a609ebc4c5,278.1
a610a581ae,502.7
a61833f777,328.7
a622b19cbc,629.6
a62d412827,218.9
a6356d65b8,577.7
a64055e75a,126.1
a665073960,540.3
a67b78974e,91.6
a690a7122f,192.0
a69e380be6,298.3
a6e1566891,93.0
a6e22e47fd,90.5
a6e5303e05,127.6
a6ec1a4843,121.2
a6f9fa213a,503.1
a6faef133f,611.3
a73f1ed31a,616.4
a750285989,483.6
a7555cb949,320.9
a75d128008,440.5
a775ebc47f,592.3
a783714d0d,95.6
a78fd8d844,104.5
a79b856238,170.8
a7a7c20ea8,203.4
a7ab6e82fb,499.8
a7b76bd9a2,213.2
a7c498370e,214.4
a7cdcce9c4,179.5
a7d85d7383,233.7
a7e3fd2094,209.6
a7ed4aff89,347.3
a7f566f473,484.5
a7f9ec2799,102.5
a80632b20f,149.0
a80a677fa2,109.2
a81224346c,631.2
a81b9e3cf9,600.3
a823f8482f,100.7
a8309748cb,494.8
a83cb64209,332.3
a851197146,289.6
a8549be10b,91.4
a85597e802,111.7
a855c70590,554.3
a85f6f73e3,397.0
a8608349a3,173.9
a866f80a06,321.4
a870ca4952,150.6
a87585ead4,117.3
a87fdf74b1,267.2
a88592e3bc,200.4
a887e68862,102.2
a89d500bd2,493.7
a8bf030aa4,95.0
a8c6035ece,670.2
a8cdd1f031,265.9
a8d22d0b89,312.5
a8dab8b1e7,285.3
a8ec34592b,216.3
a8f502eb0d,570.4
a8f593a0a0,637.3
a901bb63a5,661.2
a922e831f9,136.3
a929ccdc7f,604.8
a92aa6b1d7,215.2
a93289bf2e,373.4
a9379dbdd0,277.5
a9422c618f,426.3
a957747aa8,466.3
a9730468fb,625.5
a981ff7e59,175.4
a986f16328,502.4
a987ede3df,145.5
a9b882cfe5,428.6
a9be702f35,331.6
a9bf4dc168,135.8
a9c3d3644b,166.3
a9e70af309,225.4
a9e94c4e4b,465.7
aa00c22d8c,374.8
aa02deabf9,305.2
aa07f3404b,391.5
aa0ff29a66,100.4
aa3137c39d,205.8
aa33748a7c,289.6
aa385679e7,255.4
aa66ad5f2a,329.5
aa6830e7e9,217.8
aa6d4d07c4,529.5
aa7da8a36d,605.6
aa9ed8f6d9,274.6
aaa0b0161b,186.6
aab3caf118,116.4
aab40a7689,547.5
aab6a4d18c,226.9
aae06dcc27,305.7
aae439cc59,548.0
ab02865644,251.4
ab0a92dfe7,335.7
ab10895e12,168.5
ab1633c22e,493.8
ab241350e4,121.2
ab2c840153,597.5
ab2e429373,422.1
ab35b69fda,95.4
ab36bc5b28,302.5
ab3d103781,170.3
ab40aee4f2,501.6
ab4be788a4,182.1
ab4c4a725b,132.0
ab63aff52e,456.7
ab6d8b7414,154.6
ab6f30dc84,91.1
ab700009c5,382.3
ab7272ddd1,95.5
ab7507561e,485.3
aba747daa4,663.2
abbd8761c0,298.5
abcf4033c7,340.4
abe4038309,423.2
abf0a41afc,316.2
abf891bb01,155.9
abfd25d7bd,233.3
ac03c4b35a,431.5
ac0cb16ac8,219.7
ac0fbff2a9,390.7
ac1c454be4,612.9
ac2b7e6a63,118.6
ac333b222f,97.6
ac56cb17c0,174.4
ac6afe3dcc,240.7
ac6d75e637,489.0
ac86c6b09b,129.2
ac87ed8c18,224.4
ac8fbab40b,592.4
acb6704ada,292.6
ace07a3386,187.8
ace6add348,182.4
ace7fd624c,93.6
ace95513a5,138.5
acf07bfe76,536.3
acf7b09dd1,570.7
acff0162d7,569.4
ad1974197a,202.1
ad1e88633f,163.1
ad2682ca71,681.3
ad29a78777,103.6
ad34b01fad,443.6
ad3b53284b,365.2
ad45c9f81b,110.2
ad47c15159,239.1
ad51121199,583.4
ad6aac488f,668.4
ad6d7b6474,396.2
ad887582b1,465.4
ad8b150e68,105.5
ad96f614cd,234.8
ada37eff50,295.2
ada55f692c,375.4
adb5d78509,309.7
adc808d856,560.2
add04b60b5,265.6
add6e92896,334.2
adde0f2aa6,344.4
addf4dee13,126.6
ade16fb005,285.3
adedfac397,138.1
adfd2cc08e,118.7
ae017d10dd,382.3
ae01cd2306,659.7
ae02433740,110.3
ae06c46ec1,353.7
ae1cefab52,94.2
ae334d9f7b,339.4
ae4072c36b,333.2
ae41966818,91.5
ae5da3b854,190.2
ae63ffbd09,360.4
ae6c63888b,396.7
ae71be049f,199.7
ae7243e5f4,639.3
ae73938a53,605.5
ae78ed37a9,334.6
ae79d82fdc,231.4
aead4ce9ee,592.7
aeb3f962a6,244.8
aec1d42265,496.6
aec3e32cf6,580.4
aed5f528a8,416.1
aedf850def,234.5
aee28360fa,400.6
aee923eda1,612.6
aef536e596,272.2
af024d9eeb,624.4
af07e14065,97.1
af0f8482bc,296.3
af0fda63fe,176.4
af1e36111c,91.5
af1fb840e4,176.2
af34fbe42f,428.4
af38ee64be,515.5
af4dd2d7e2,553.0
af4f102e29,243.3
af5b37f0ba,483.5
af6c248f9c,694.1
af7e3f5c16,348.4
af9f7923d2,186.2
afb9843c31,341.3
afea4c3319,291.6
afecf0ea52,234.5
afed814894,167.4
b009a71e4b,278.8
b02db7e456,698.7
b037ccd6aa,285.5
b03aa32792,676.6
b044f2c139,593.7
b04dc55312,177.5
b0570b6308,332.7
b064cb3af8,103.4
b0692694dc,142.4
b07bc69044,181.5
b07ed46a73,416.7
b0893d2ee5,205.5
b0899e7883,103.7
b0b50fe9fc,549.6
b0b7760247,324.4
b0e7730829,170.7
b0f81452fb,249.4
b1018bb2e2,305.5
b103e2c4b9,165.9
b10e6b5032,214.5
b10f4ef8e7,517.1
b116c2b8b6,386.7
b126651dab,108.4
b15888af31,97.6
b159777c7d,248.9
b174d7a640,158.8
b179ac1ace,601.3
b187f041ea,116.4
b1959d7f81,536.6
b1974ff611,259.4
b1b08cf610,550.3
b1b19798a2,244.5
b1b3c957cd,95.6
b1bbfbb516,227.8
b1ca861200,283.2
b1cab939f5,627.6
b1cbdff9c2,503.3
b1d1e7270e,207.5
b1d8770618,90.4
b1d8bb80ab,241.1
b201e6f2e2,263.7
b211052b7e,151.3
b21191d3aa,211.4
b2221ebfe2,681.6
b222c67c26,163.1
b225838c32,358.6
b235af9a62,439.4
b23986a40a,153.7
b24b386fde,134.3
b24b787a89,442.3
b2610f7afd,95.6
b2665dd768,165.4
b2701bf304,521.7
b275bd8186,568.2
b276b40182,200.3
b277c5c264,402.4
b27bb1f198,90.8
b29c273778,359.3
b29d089a52,211.3
b2b6c7c41c,151.4
b2c1b550a9,243.7
b2cc0622c3,121.0
b2cceff960,134.2
b2cd5fc1e9,368.6
b2cda87c4d,121.7
b2d9af1ca5,169.4
b2eb9b4fde,317.4
b2f193a51b,169.7
b2f5fec0d5,265.3
b2fadb7b42,382.6
b2fffc7ec5,156.5
b3106e5061,101.5
b313906b3c,118.5
b318593040,381.0
b32a42001b,252.5
b34fd906f3,126.9
b35bfa0cad,215.5
b3600d5461,179.5
b3691b7466,236.1
b371082f46,109.4
b393393284,227.5
b3937d61a8,148.6
b39a8eb1d7,226.8
b3a95017be,167.6
b3b2481817,109.6
b3bdf0dec2,254.2
b3cdee77b6,120.7
b3d810a432,102.4
b3e8411c08,335.2
b3ea7c9a14,524.5
b407d5db4d,322.3
b409c08909,143.4
b40ff8e009,449.8
b41b4f2227,92.4
b435540080,625.2
b442c871ba,91.0
b44d922ae0,464.5
b453be85a0,305.3
b46b63dab6,160.3
b46ee8dfc2,179.3
b47355f5d6,478.5
b4738ea9c8,250.2
b479637b9f,262.5
b493f79851,95.5
b494742f35,304.4
b49720c79e,494.5
b499e4991f,321.2
b49d71f095,255.5
b49ea1560a,273.5
b4a98fa539,233.4
b4b80106db,137.2
b4bb185564,489.4
b4c4d54f9d,377.6
b4c9da0276,154.7
b4cf99699a,105.3
b4d2a069d5,318.2
b4ee587701,148.3
b4f51dfe47,157.5
b5046b1b76,533.7
b507464b11,575.4
b50f3d44a5,301.1
b5212ed0ff,193.5
b5336f763a,200.7
b53d164aca,119.3
b564463de4,517.6
b56706e43b,238.2
b5774d4ea6,210.7
b57bb22eba,192.6
b585e6ff74,209.2
b58c4bdc89,540.9
b58e07ae5c,200.4
b5989fcabc,123.4
b59b2000dc,402.3
b5b17329a1,713.6
b5b5e8e888,273.6
b5b9732c94,325.1
b5bf10cd21,157.1
b5e6f79585,541.3
b5f6808f43,111.6
b60c557f7b,407.5
b61092a678,145.3
b61ad07996,461.1
b622551196,106.4
b623359bd4,417.3
b6263bb6eb,179.2
b62eb2ec83,327.4
b63df03085,107.5
b63f558cc4,405.5
b6403645f5,150.8
b643b25169,231.5
b647c910ad,284.2
b64eb5cde7,537.7
b656bd30c9,98.3
b66448814f,103.7
b693646886,99.1
b6c2596e70,117.8
b6d52d2f38,113.5
b6d565d91d,149.2
b6d6e34618,350.3
b6da6bf9c5,570.2
b6e50b1ae9,320.3
b6e937b8fe,604.3
b6eeb39da0,106.2
b6f6ece900,596.6
b6ff00a3e2,90.3
b709de59bd,177.3
b713bbd6cf,142.1
b716a932b5,335.5
b718a28b57,354.6
b718e92303,440.5
b71aa567dc,133.3
b724d3e5c6,249.5
b72869a440,241.2
b72884f9e0,354.4
b72aeb5754,294.5
b7367e92f8,341.4
b738dc1c6c,100.5
b752d6f08a,266.0
b776e864c1,236.5
b77734a02a,620.2
b77ec76dd5,145.1
b7949e9438,207.3
b799313722,381.4
b7a3b86413,620.4
b7b261c762,521.5
b7d98ee820,114.4
b7f2269050,149.8
b7f61d14b9,224.1
b7ff8b477f,328.3
b807c71e75,164.7
b80fbdddd6,255.7
b810cbb721,254.8
b81453b208,474.7
b81e747c2e,99.9
b81fae63f1,149.6
b823b0513f,265.1
b8358ef94b,211.8
b843a47096,137.7
b85de62d8f,281.4
b868d08c4a,356.7
b87108dea5,697.4
b87c1d6cde,253.1
b8825cdbf9,450.1
b89e77e740,121.6
b8a541ba91,195.9
b8c07beb95,274.6
b8c8f81588,504.9
b8cb11cdeb,400.7
b8d73ae744,249.4
b8e21a7bc4,531.3
b8e83f2938,351.0
b8f3bb8268,122.9
b8fe5e4bb2,667.7
b8ff9d7609,439.4
b9152c34b4,589.4
b9181708c4,121.3
b91b19a534,142.6
b91efeafe5,328.8
b93280b621,402.3
b932af2743,239.2
b934ed21a3,247.4
b95d74c524,307.4
b96e6af30d,501.5
b9714b8e1b,599.6
b9735f9707,185.6
b98fa9304e,191.6
b99c227720,533.5
b99c8e2208,125.1
b9a5ed5c94,90.3
b9aadb342f,173.8
b9bc808527,293.5
b9bf6ae2fd,543.6
b9c9ba59cd,434.7
b9ce096274,321.3
b9d075b76f,297.4
b9d94ebfb2,459.6
b9dbeb2558,280.9
b9dde4de01,248.6
b9ea57c44b,403.4
ba059675a7,299.1
ba05f75c98,219.5
ba0db9d846,518.4
ba0f36ab81,507.3
ba102e078d,263.4
ba28a95da1,487.6
ba30cd8e28,107.5
ba34917202,155.0
ba4018571d,607.3
ba589c7c59,124.5
ba8d917738,506.4
ba8de40a1a,701.5
bab0f7cc4d,369.4
bab14d9c61,114.9
babf0035a0,278.8
bac897656b,261.6
bacda18626,197.6
bafa22d372,218.6
bb042d1cab,296.6
bb049cdeff,158.4
bb13261006,218.1
bb1524510e,155.6
bb203e0dc5,259.4
bb236171d4,239.6
bb2a26b00f,294.7
bb43c13152,212.3
bb4c63faea,147.4
bb56caef41,291.3
bb5e00696b,513.4
bb646358ec,122.6
bb734be309,556.5
bb8a27bd5b,92.6
bb9cacf2f6,524.0
bb9ea862b1,256.3
bbaa381791,220.2
bbabc0779a,384.4
bbbc8c98b6,268.7
bbbdf6df46,269.1
bbce491804,414.4
bc0950be57,336.6
bc0eb87e2f,626.6
bc154f0e6e,221.3
bc1d715a8d,297.6
bc23a52c8d,94.4
bc549b2990,256.8
bc588a2032,331.4
bc5b736c9d,397.1
bc6db5792b,162.2
bc6fba4db3,394.2
bc8d6ff3b7,496.8
bc966e28cf,286.3
bca977ad28,521.5
bcaf81b7a3,411.2
bcb6343fb3,435.6
bcbf771f82,525.7
bcc6e80841,300.7
bcc9763105,463.5
bce85a1d96,254.8
bceda795b9,99.2
bcf65d30b9,153.3
bcfaf1a48b,313.6
bd0fc73b95,554.2
bd11d7ce4a,147.7
bd2a9208c6,217.8
bd2ef4aad3,248.2
bd3679e0b3,323.1
bd39e56ffb,450.5
bd3fbcc085,223.7
bd4075e68c,99.7
bd42876690,122.3
bd429ea136,257.6
bd4f988545,232.7
bd5e64b10f,366.6
bd686adc51,482.2
bd6be9c660,469.0
bd7c296291,201.7
bd8a2fc5c4,544.6
bd9abd1121,117.3
bdad90e162,328.8
bddb4780be,119.3
bde3121570,318.7
bdee2d6e22,533.6
bdf4f45ff3,396.4
bdf50db7c4,123.7
bdf98aa9da,375.3
be0366bf3a,189.2
be07ec988e,199.5
be080614ba,436.4
be092f2dd9,128.5
be291f4ce9,209.0
be375abbcb,656.7
be56ca6000,104.9
be7e07ab4d,484.6
bea3e57786,223.9
beb598807c,592.5
bec684c08a,359.7
becf571ef6,215.1
bed2f9c0f4,353.4
bed33c2ab8,154.8
bedb8c5a26,306.0
bedcf9bab6,92.3
bedf1db4a1,166.1
bedf949de3,139.3
bedfda5d8a,101.5
bef3c6dbc0,118.3
bf006fb2c4,689.5
bf0a1d6e7c,155.6
bf15756f8d,563.6
bf3adc84ca,430.6
bf456d8bef,148.4
bf487742ba,467.3
bf491632cb,170.1
bf519259d0,121.5
bf532b22c1,219.6
bf629e0b83,428.7
bf74ed1798,574.2
bf802c607b,593.4
bf82de5604,581.6
bf88f7bcfb,103.9
bf9207e04e,266.2
bf9cc45d48,177.3
bf9e38231e,265.6
bfa1275188,660.8
bfa40cb482,673.0
bfa528992f,228.6
bfa99b4866,471.7
bfb65cb11e,171.3
bfbb6b100b,463.3
bfbf49f40d,607.5
bfbfa72d8c,114.6
bfcc289f09,174.5
bfd755d6f4,90.9
bfdcdb1ffa,236.8
bfe2d202e6,340.3
bfeaf271f6,400.4
bff1fb9031,379.9
c00c7919c1,109.4
c013d5d07e,94.5
c01b2bc14e,344.6
c02d8cf151,517.3
c0525b14d7,132.7
c05320be7a,109.3
c05f6c5b27,114.7
c0747d5ce1,334.5
c07cb247bf,107.4
c07d23f921,207.4
c090100436,418.2
c0b04c3868,290.4
c0bc735c2e,99.7
c0be579b77,138.5
c0c6240112,135.2
c0c74c2f8d,194.6
c0ccf7a63e,148.2
c0ef0db723,321.4
c10159e30d,101.3
c10a3a319d,154.0
c11d0b8f5d,163.4
c11d54aed7,487.7
c12802446e,116.9
c14fef4fb5,141.6
c169a163e0,347.5
c16ef6a8f0,109.2
c1709cfcbf,223.2
c171c91144,303.5
c1738f3dc3,122.2
c191935f19,444.0
c19489d75a,149.3
c1997edac6,314.3
c1a283eeb4,180.7
c1aa14467d,290.9
c1be6ebbf0,368.4
c1c42030d3,104.3
c1e1bc32d1,389.4
c1e726d36c,130.2
c1efe82567,242.7
c1f4eea6f2,448.7
c1febdcb4d,377.6
c200739b42,361.5
c201e90415,190.9
c202cbd209,138.2
c219a0140f,92.7
c22628837f,290.2
c24bd3ef8d,109.5
c256340e14,324.4
c276bb33f0,265.7
c280ec02f9,102.3
c2881c8a6e,457.8
c28873f7eb,101.5
c299a215f2,240.2
c2a4a98548,173.0
c2a9e3ae29,417.7
c2b391c5b6,407.7
c2ba96ca90,338.7
c2e7112343,311.2
c2f8848957,694.7
c2ffc1f4e2,530.6
c305c5b415,272.1
c308420c4f,98.0
c31487dda7,348.2
c35aa086f6,329.2
c36da748a3,187.4
c37c9bb79a,569.7
c37d351881,194.4
c385153dd1,277.2
c394e41c50,106.8
c3a0cc2636,495.7
c3a4880850,213.3
c3c15508a1,222.6
c3e8c8cb00,334.3
c3ed46ee51,470.2
c3ee9a4a3e,222.3
c3ff7ac782,302.5
c40aec1bc5,106.7
c41395b47a,428.6
c419c8cedf,227.4
c41c581055,223.6
c42a52afff,205.3
c42fcd411d,437.5
c436ee9540,204.7
c4387a1b16,445.2
c43a30ff80,598.7
c43adc617b,120.3
c43fbc45ad,120.5
c4563f80f4,145.8
c45e7edc77,278.9
c468a3a05d,155.8
c473159d77,302.6
c473d5a399,329.0
c4803fe88b,705.0
c483d0c98f,498.1
c493870d33,143.7
c4a0dafe51,399.7
c4a349156c,144.7
c4a6bf9cac,237.3
c4b6c65478,469.8
c4be6a4c94,483.6
c4bf0eb51d,307.4
c4c24e6173,199.4
c4d67b1390,148.6
c4e71ca44b,653.6
c4fa2d6602,394.5
c50b97c8fc,330.7
c52360eb9b,166.5
c5250d77c1,209.2
c526aa63b6,113.1
c53057c9d8,342.8
c5322496f4,242.5
c53645c9da,629.4
c536beda2e,93.8
c550d62927,666.3
c57a40bacd,284.5
c58807b3f4,193.3
c59ce7d231,162.3
c59e1b4bfc,97.5
c5b361a6a6,240.5
c5c60a56f2,312.5
c5c61b0222,534.6
c5cb9d15df,100.0
c5cc275f3f,112.7
c5dc0096e4,149.5
c5dc7fd6a4,270.2
c6129b06d6,362.6
c6190ac006,136.7
c62885e90f,558.4
c62a6d7d37,453.1
c62f1730f1,137.3
c64479d00a,313.4
c652744072,162.3
c65eb7da0b,157.3
c67ac95f87,671.2
c680057832,142.6
c6816e42aa,309.7
c688ae153d,361.6
c68ec13d3e,304.6
c692feae4f,102.2
c693c1a053,90.5
c6995d3cc6,123.5
c6a2c32d5d,140.5
c6a538be25,137.7
c6ae1f908f,160.3
c6b5baad0b,346.6
c6bd346c7e,126.7
c6ce93ece4,225.9
c6d207e54e,95.6
c6e22cb315,214.7
c6e64b80e4,297.7
c6ea6b0149,183.2
c6fa4f250d,221.7
c6fb63095b,207.5
c70609805b,205.4
c711473df1,374.6
c711503cd7,93.5
c7177af520,554.3
c73416d107,92.4
c7354e1b64,124.6
c744ab9b98,551.5
c7689e1ff5,605.5
c771af9e6a,557.6
c775905260,589.1
c77c27ea42,299.7
c7855a974a,204.6
c78684581e,249.1
c788e922b8,100.7
c7943f38ff,627.8
c79f62bada,94.5
c7a843462a,232.4
c7b00ea9bf,312.6
c7be8a8da5,92.7
c7c1e902a1,255.7
c7c671fbb2,491.8
c7c8590888,597.3
c7cba1df03,548.4
c7cfe04447,417.3
c7d2111d27,629.6
c7e1036f58,642.0
c7f12e4409,257.8
c7f698e7ba,436.2
c8013f661a,293.3
c8131332be,221.5
c81bc3342a,208.3
c839454f81,165.3
c84d449f20,551.5
c852bfd431,645.4
c857bfc032,475.3
c85957b057,640.5
c85df76d5e,168.0
c8613e5848,411.2
c8668b205a,155.4
c87ec5e544,123.5
c89f3405b5,288.3
c8a715b9d6,407.5
c8b4ab9df0,339.6
c8dd8a62fc,349.0
c8ff5a80a7,253.2
c9065c476f,655.4
c91186acf1,521.2
c91f3850bd,233.8
c9298825cd,235.5
c92a6ba9f2,209.4
c92a909a87,399.7
c92adc8699,228.6
c942046ad0,228.2
c94b0fcf16,137.6
c94baa857e,614.0
c955109688,158.5
c96b85ad89,421.0
c96c9916df,276.4
c96d94c201,114.6
c96e8465d9,112.7
c97082b19c,363.4
c97bb769de,392.3
c97dd0db40,661.2
c9804ba072,152.3
c983b5498a,482.6
c99d292a0d,162.5
c9ad74e496,179.6
c9badf7a4b,388.8
c9c5100b86,652.3
c9c6d29737,352.5
c9d9a1b6a4,529.4
c9e03b31c0,97.6
c9e559d420,293.2
c9ea3ff8f2,293.6
ca16a3400a,410.5
ca17f51e49,143.2
ca203186f5,130.5
ca267a644b,121.1
ca2f6b5472,164.8
ca30808171,129.3
ca42ffa8a1,98.6
ca5bbefd9f,267.3
ca60e756df,92.4
ca61200292,441.4
ca66750366,233.6
ca6a26c885,95.7
ca6a634bd8,219.4
ca7445c4b7,256.5
ca74ba46b7,351.8
ca77eb930c,204.6
ca846a118b,331.4
ca99e6f9be,195.6
caa129f88d,155.3
cab72e3c73,291.4
cac23bd69c,91.1
cac94ac453,301.7
cacee9d656,154.6
cad0799aa6,622.2
cad2c37c59,115.6
cad5cd6286,331.5
caea43ac9b,213.6
caf457835e,205.3
caf8e1d132,445.5
cb02a99f33,91.4
cb18eeee3e,119.6
cb19c21785,414.1
cb218954c5,356.4
cb3060e768,171.3
cb5312e01c,208.7
cb55dd7aeb,120.2
cb5d34c20f,616.3
cb68280484,216.2
cb6996b047,542.8
cb76b4d861,598.4
cb7bdaf6dc,99.9
cb7fa83c64,153.6
cba24074dd,414.3
cba4e2c14e,516.4
cba63d70af,584.6
cbab0c5e40,625.2
cbc62cb73c,235.4
cbc9a0cc8e,111.8
cbcb52f6b9,91.4
cbcb7598a9,93.1
cbcd7dc09c,242.7
cbe9f02f54,457.8
cbecbf7c2d,117.7
cbf3d3ad0c,106.6
cc092120e0,171.4
cc2c9c07ee,520.4
cc3b054214,374.0
cc3c24f35f,135.5
cc461eb092,507.3
cc4b4a246b,103.6
cc5d0a569e,194.4
cc79a8310f,197.1
cc86c88b97,673.8
cca1ef9c7f,382.3
ccad56a070,494.7
ccb88680ee,167.2
ccbfade746,325.4
ccc2069401,516.2
ccc9325f2f,100.4
ccc9cd7edd,194.7
ccda27351f,571.5
cce748c02b,502.7
cce7d3a5ec,109.5
ccef78426f,155.7
ccfe1a65a2,144.3
ccff14b67a,319.5
cd032b00f0,324.2
cd09639513,140.8
cd0af3ccee,119.4
cd15457dd9,100.5
cd1cb84c08,453.6
cd43f7e158,467.3
cd467b603e,346.5
cd4f2f00a8,422.4
cd519ec699,233.8
cd5be0c4fb,549.6
cd5e78c75a,211.2
cd746ca934,336.3
cd7a1fb3ba,259.4
cd8cda19ec,290.5
cdcdfb7501,570.2
ce0564add6,301.8
ce1ebe28e3,90.3
ce286ebe50,435.1
ce2ead221d,553.4
ce4d777b81,101.7
ce56e1e193,225.5
ce5872265c,124.2
ce608e8fcd,129.5
ce648ce754,523.1
ce6bec78a4,172.4
ce74d69156,486.3
ce77f5ef9b,282.3
cea6824588,100.7
ceb1d8f82f,268.5
ceb9999d03,245.5
cece9e6c73,462.6
ced0183380,715.3
ced2082b71,111.7
ced2e20ed4,224.5
cee4a284ce,112.0
cef8bf3455,197.2
cefbb8d8ab,235.7
ceff57a4ce,453.3
cf0c1f9e58,120.1
cf1dc8f769,679.5
cf1fb4b876,199.6
cf25876425,407.5
cf39461914,288.7
cf3dfeca21,516.4
cf66cda33e,399.6
cf6dfd83ab,338.5
cf76244f13,150.8
cf7cfa3c9d,469.4
cf91d439a1,186.1
cf923cd191,200.4
cfa47ba108,101.4
cfb005b936,477.7
cfb168927f,268.3
cfb80c5b71,221.9
cfb88771bc,188.7
cfc60c9b21,147.7
cfcb698274,132.5
cfcded252d,404.2
cfd24ff713,138.4
cfd52bbfb6,309.6
cfd7ed9e50,184.2
cff1ad08e9,104.7
cff3d323d2,339.2
d019433cd2,381.5
d01c804ad0,178.4
d02ba51ccb,588.2
d03cee4446,227.8
d04392dbb7,504.4
d04da2291c,476.7
d057360045,389.0
d059c4adf2,407.7
d061874132,108.1
d0765091c7,141.6
d089827504,296.8
d093556dbb,254.1
d097673576,621.5
d0a813f05c,298.5
d0d79b922f,128.7
d0d90b09d6,420.9
d0db32cc85,233.5
d0dbb316f3,502.4
d0f16215be,105.5
d0fed2a1c9,109.2
d0ff582e72,598.5
d118fc924f,210.4
d11ae1b611,146.0
d11f4eb6c9,560.1
d12cf0fb19,597.1
d1346060fb,571.5
d13d1e2a09,531.2
d14712e440,698.5
d14ce3319d,212.5
d151ce2cfa,295.3
d152ada6fd,432.6
d159c92daa,407.2
d15aef6e22,116.5
d161bd694d,254.3
d16e9eac39,623.8
d17d3aa143,157.4
d180298bd9,128.8
d196db8d69,588.7
d1a6fd2a75,534.2
d1abfff163,211.3
d1c644a3fa,673.7
d1c7b7c458,340.5
d1cb769996,94.2
d1ce68ce95,277.6
d1d9bdb52b,328.4
d1e9251f1e,312.4
d20765d209,620.5
d20a948f65,107.7
d2177d869f,151.4
d259c6c910,557.5
d26e4deea2,423.3
d2713edbe2,429.8
d271e70490,337.6
d27c2b44c8,646.5
d2809a8bf8,190.0
d2856a281f,244.5
d28c5ba971,176.1
d299348135,289.2
d2a82ce916,214.5
d2af2ec5b8,364.8
d2c70e3ece,266.3
d2c8fa5f1c,523.2
d2cdab3501,626.1
d2d91fce31,92.4
d2dd32d4f2,338.9
d2e5afb2b8,245.6
d2fa7724f9,168.3
d2fdce34de,207.2
d2fe080f3f,92.1
d2fec3c0bc,332.1
d31edbb2bf,189.5
d342012c33,510.0
d344558826,366.2
d35d5ba353,242.4
d3739aa6fe,172.5
d381d8e05d,122.5
d38e24b911,479.2
d39893b390,274.8
d39eb348d9,298.1
d3a8e5394c,246.9
d3a97ce795,179.6
d3c8b9d036,195.3
d3d8d3372a,391.1
d3ff9b0e99,111.9
d3ffd51adf,495.8
d400d5b16f,106.4
d4023f5354,94.4
d405689b30,609.6
d40574a606,224.4
d41a00fa32,418.5
d443bf6bf7,124.1
d4481bc700,419.5
d45e1c2245,535.4
d463dc0c21,138.2
d46f806670,206.6
d4711439de,312.5
d4829c7145,516.6
d4847fc7ad,442.3
d4870f328b,567.4
d4947b8ead,575.7
d495c9b05c,350.7
d49e731d2c,556.7
d49ff2b072,210.6
d4a31c68e6,449.8
d4b9452044,131.4
d4bb46cb89,212.2
d4c34c7f2d,295.4
d4cbbe8a56,103.0
d4d1529fc0,291.7
d4d1b91acd,386.2
d4d3473c6e,105.6
d4d3c73653,213.6
d4d9d162a2,277.5
d4deeb650e,706.4
d4df307f53,394.6
d4e266f3f2,165.3
d4e978ee5f,183.4
d4f36793b5,240.0
d5023b8e8b,205.6
d5054434e2,289.8
d50e689408,101.7
d51907b51e,171.3
d5277ebc7a,691.7
d535e1ac1a,181.5
d539751efe,109.1
d54c998bf6,573.8
d554411910,206.7
d5589a639d,221.3
d5603543cd,333.5
d5780e0b4d,320.8
d57c578260,173.2
d59d6ee9f3,400.5
d59e01b1fc,436.7
d5b21af396,362.3
d5b9a3d75c,451.0
d5cd52ff40,508.2
d5e575e01e,256.5
d5f099bb0a,255.0
d5f0f148a2,106.7
d5f39ceebb,422.9
d606d55f65,219.4
d61fc35b9b,221.6
d625ea226b,161.3
d62aa86ff2,528.1
d635cdee38,687.8
d6581f4e1e,682.3
d665ebc92a,184.7
d666f1d794,317.6
d667cebcd8,192.7
d67e55c1cc,456.2
d69fb690cb,130.5
d6a42186fa,113.7
d6a5d889bb,325.4
d6a6554a6f,376.5
d6aeded29f,567.5
d6b36ddc39,118.8
d6c3072b7f,186.4
d6cd110b4b,293.7
d6de489b46,90.4
d6e40ea37d,233.3
d6f4eefe32,184.2
d6fa79895f,105.5
d6fcbb7f97,104.9
d6fee5ff55,607.8
d701c0b3db,138.2
d702677f88,168.8
d7061bc7c7,158.7
d71001df5d,234.8
d710748af0,133.5
d714a3ae90,120.4
d71cd396ab,117.9
d71f48bb29,235.2
d72bf45bce,522.6
d737a785c7,396.3
d746e4cc00,396.2
d747b24257,350.1
d757cdc94f,112.6
d7677922d0,93.8
d77ad5bfbf,463.0
d7b3150e2a,137.7
d7b33eaad0,114.4
d7b8b2f6a5,118.7
d7bdcfd78a,272.1
d7c6127864,185.9
d7d4ccaebe,99.4
d7d9e0d5b3,613.7
d7da3fe85c,173.3
d7e2fe2eda,97.9
d7ede970da,275.5
d7f6d96a26,94.4
d7fa1c2f3d,189.7
d8091813a0,586.4
d82309997d,288.5
d82b6fe636,109.4
d82cb217fc,380.7
d82f0e93b1,245.7
d84ddcc43e,241.5
d862aef9d7,144.8
d86785ae47,197.6
d867b0bf01,159.6
d87aae74d9,623.3
d8804b0096,107.8
d889568965,333.5
d88ad7bcde,504.6
d8996f85ec,103.6
d89e199581,588.4
d89e21b4c7,585.1
d8ace51066,92.3
d8b4980d22,340.2
d8c29c4cdb,252.5
d8c8587a78,516.7
d8cff892a5,478.1
d8d670ff2c,99.5
d8da8b3cc5,209.5
d8eb276fa1,560.6
d8eb77ba99,129.2
d90615473e,110.6
d90db4b8b3,415.3
d90dcb5936,256.5
d91cf114b5,373.2
d923fc0b72,170.3
d92faf461e,614.8
d9318d433f,527.3
d935a76aa6,595.7
d948771678,226.8
d948aedafa,636.3
d9584a7a32,440.8
d9667bcedf,348.6
d96a65fdb6,312.2
d977d04867,102.5
d97b7a9e73,130.6
d98453b36c,119.1
d991524892,200.5
d99766dd6f,97.7
d9976af6cb,285.3
d9b04b4b98,108.5
d9b49427c7,160.3
d9df8cc895,127.8
d9e7423f55,575.5
da0f004d9d,563.3
da16ae2b6e,117.5
da25391727,120.2
da29ff3b3e,435.6
da45a35568,271.5
da4c78b23a,112.5
da4f594a7e,382.7
da556a28d4,241.4
da56584100,153.3
da6cfe45f3,654.6
da88a6d9a1,161.7
da9eeee162,290.6
daa668ab33,408.4
daa7edcd47,266.7
daa7fb276e,617.3
dab7510a45,449.6
dabebd6b9c,149.7
daca9fceca,186.2
dace08d8dc,165.5
dace0ab70e,304.5
dad0059414,115.2
dad3b21abe,144.2
dadcc6d4a5,430.4
db14c67395,90.3
db4f4541cd,249.9
db52f6cab3,199.5
db5412de4b,176.8
db5abbfbdf,523.5
db63469474,437.8
db744d2e98,165.6
db74e3fa20,318.1
db80a2b791,102.2
db85f1caaf,586.0
db8e490a92,270.8
db96b5c78f,289.8
db9cacb533,520.6
dba0377c00,436.5
dbad890996,392.6
dbaee54c68,266.0
dbc175e36e,208.6
dbcee9bcb7,214.6
dbd196be42,332.3
dbd19e6f9f,257.4
dbd78e875b,338.2
dbd84a317b,384.3
dbe7dd62fa,553.7
dbe8522bc0,210.3
dbed9b5840,536.7
dbf3d08340,145.2
dbfba22634,257.7
dbfd952ddf,194.3
dbff881fcd,237.3
dc0d5199f3,139.4
dc29e1d843,187.5
dc3493aa34,140.4
dc3db8d95f,500.6
dc3ec89269,167.5
dc65ff121f,459.7
dc6f720d60,194.7
dc7cff9c97,116.6
dc855e1c1b,259.3
dc86375509,149.7
dc94fa9b0e,519.0
dc9566ac8c,618.6
dc95755803,353.6
dca4164980,351.7
dca7d47f8e,131.6
dcab9b7e88,161.3
dcb19deddf,503.6
dcb7aae449,166.0
dcb958949f,522.3
dcc0c1c755,426.2
dcc2a510df,222.7
dcdd6c0a96,137.6
dcfbde23ed,473.7
dd0142b060,111.5
dd0a4e3bd4,634.3
dd13342387,526.3
dd14a5bc0e,382.2
dd1f060889,415.8
dd1fb8393d,93.6
dd2050cbf8,134.6
dd241f6077,277.2
dd2764e51d,114.6
dd2c6625d6,197.4
dd3056ef96,531.3
dd30871014,255.3
dd37586077,269.0
dd412f574c,187.9
dd4bb4dc8f,290.2
dd5870a158,387.3
dd5da1508b,152.4
dd6324fce6,233.3
dd7af5b59f,230.6
dd9523cd8c,249.1
dd98297bcd,441.4
dda5cfe00a,715.2
ddaf1b9f89,145.0
ddb2d780fe,192.1
ddbf6fa3d3,123.1
ddc54ebd99,298.6
ddc7ae33ef,145.2
dddb19ed56,101.9
dde8557ba1,209.4
dde9c38340,154.8
ddecfc8acb,302.5
ddf44a640e,282.2
ddf930f82d,240.3
ddfba27e52,96.9
ddfd6614b7,108.5
de02d21df5,333.5
de06b021af,249.6
de0faf1203,126.9
de1d977c38,198.9
de2bd2e65e,221.4
de50ba1673,584.4
de5301eee9,134.5
de56aa35aa,278.3
de5a1495ac,93.6
de76c0d6d2,210.0
de7d6db3d4,523.4
de7f4dc962,130.7
de81e7d9b0,502.3
de89d87199,546.5
de9bc54fd5,519.4
dea44a733b,113.8
dea5450a14,417.4
dead8d7fd9,278.1
debf39c9fc,223.3
ded17864fa,362.1
deddfad301,440.3
dedf8876b4,360.3
deeb8d4429,209.6
deee64fa86,96.5
def527c1e6,206.4
deffb0aada,116.5
df11e7c613,242.8
df238ee505,97.3
df2c5aa8ae,200.7
df30c9e31c,99.7
df348db977,678.7
df3bcd9979,92.2
df5965b420,324.5
df5eff89a4,436.2
df61af9be0,94.5
df8700aa3b,611.0
df905a440f,569.6
df973dfbe0,281.3
dfa0503948,91.4
dfb26cf0a5,509.3
dfb4674f2c,134.7
dfb720cae6,148.1
dfcc10b66d,373.3
dfd4c45c48,120.9
dfd891e93c,551.7
dfda861f5f,144.2
dfe0bee44e,129.1
dfe6e1ca9b,490.8
e00a169a02,295.3
e00db91ea5,228.6
e016261859,269.5
e02482d06c,331.8
e027abd7d2,345.0
e03e90401f,126.3
e04209468e,334.6
e0435fcc85,621.7
e05df4980b,139.6
e05f2ed432,189.5
e0613e02ea,148.7
e062f6746f,150.4
e065ddcbdc,95.4
e081e726ab,111.3
e0824b5af6,171.5
e08edadcc5,205.3
e094b085f1,123.2
e09930ac47,123.6
e0b2f4f4a1,509.3
e0c5e09be1,317.6
e0cc86cde0,566.2
e0cd398339,281.4
e0d174bb4b,636.1
e0d2047cca,495.7
e0d29cec58,131.2
e0e6ee29be,127.3
e0e90cdbe0,398.4
e0e9269e9c,147.5
e0ec2ac1ab,101.1
e0f3267655,109.3
e0fa01b637,212.6
e122c2fbfc,492.8
e130e3b0a8,305.7
e137a92c4a,162.8
e145f8c4ff,185.9
e146cea576,162.8
e14d9637ee,490.5
e15b9e262a,306.7
e19ec17f50,250.1
e1a63f88b5,90.2
e1bd5c0ffd,447.3
e1d30b8250,352.8
e1d9279a99,217.5
e1ecb352e5,229.8
e1ed1bf695,262.6
e1ef0651c8,196.6
e1f11915c4,118.3
e1f129c8c5,319.5
e1f9871a48,366.6
e21127e4d5,250.0
e219bfb563,530.8
e22004ac77,94.2
e2346d6fc4,100.6
e23db7c77c,117.4
e256013f48,364.2
e27a07db8f,169.6
e2817fa04d,355.3
e285ebb45a,632.5
e28e1bbae5,269.6
e2b61f042b,312.4
e2c201671c,722.2
e2d6671da0,92.0
e2dbc5bf97,187.4
e2e77ebab9,113.3
e2f2d86ca2,93.3
e2f5b5e0f2,236.7
e301a7ae8d,147.2
e3086266c5,348.8
e30c728361,107.7
e3211641c5,222.8
e32a0a52c2,286.7
e333915a8d,194.3
e3382c3884,668.4
e35c57ddd7,570.2
e3677f07a6,409.7
e3724d71fe,262.4
e372e71d68,115.5
e3878db5ec,290.4
e398ac7e76,302.4
e3a7ec3063,454.6
e3a87f845f,682.3
e3aa081c96,136.2
e3ae350c5e,195.2
e3af6dd9ae,264.8
e3cb1475a9,130.5
e3cb9fdb70,141.6
e3dd532f96,198.7
e3e5ff3b12,263.5
e401c435b1,199.2
e407860f3f,191.4
e408ea61e2,260.5
e4280044db,372.5
e42c128c4e,606.8
e42c6670c4,393.5
e42ea2292b,330.3
e433eeba91,108.8
e445565755,420.5
e452777518,144.5
e4683802cb,316.2
e46c899095,112.8
e4713ffdad,174.7
e487e7d11c,288.1
e48e9220d9,211.0
e499d41715,193.6
e4c1681ca8,236.1
e4c4651302,400.6
e4e6c214cc,92.1
e4ee76c7b0,301.5
e4f53ae01b,406.1
e4f708039f,249.3
e4ffe96168,384.2
e503e6a83b,291.8
e50680d98f,251.3
e50e9b8f98,197.5
e52f4f34c1,260.6
e532c9bf06,472.3
e534bf64d3,538.3
e53a4fc13d,120.7
e541b4d302,309.2
e54803797a,113.4
e54bb028b6,323.3
e54f37901c,493.4
e568930169,238.2
e573a6329c,321.3
e5a09955f2,257.6
e5b1c4868f,327.5
e5b5246983,263.7
e5d6ad8132,225.3
e5e8735b63,263.3
e6120c92b0,207.8
e626247596,290.4
e64cd6abd6,193.5
e656af79c3,143.2
e65cebd790,172.0
e66520a3af,117.1
e66e4371d2,379.1
e67309c713,240.2
e683979e2d,122.4
e686313ab1,330.4
e6935cb800,200.6
e694d01fb2,627.3
e6b164dfee,131.6
e6cb312aa7,168.5
e6e8719df5,221.5
e6ea09cba0,641.5
e6fbbe9c75,257.5
e703f71194,176.2
e70b3cbf58,678.7
e71e73d95c,279.5
e725dac177,460.3
e7285226b6,163.5
e742ab7d5e,147.4
e74c3c5f43,135.6
e7599c0114,501.5
e75e466218,638.7
e76a725dae,376.5
e773f9a75e,204.3
e774e42972,107.7
e77c376074,134.6
e77c74387e,266.8
e780e292a0,99.7
e79c6f27a4,234.6
e79da4f0d4,131.4
e7a6475ac2,104.4
e7aeaea04c,271.5
e7b000d22e,171.3
e7bbffebc2,161.1
e7bf76551a,248.4
e7c17344f1,190.4
e7c2c50c76,225.1
e7c7ed1180,446.7
e7c9925d4b,377.8
e7d1ca0064,109.8
e7d4623765,162.6
e7d59d69de,165.3
e7ed26a4dc,135.3
e7f4855acd,529.1
e7f9e5116b,148.7
e7fe2043d7,437.8
e80ab64f79,195.4
e80f748c73,403.5
e810c9c8ef,120.8
e81415fd41,217.6
e822c27d49,112.2
e843361d7d,148.8
e847bc8eb9,292.6
e852580bd8,188.4
e85891be80,384.4
e860e64358,146.4
e8692ceec0,164.4
e881b8c27c,598.5
e885073ccb,222.3
e891787534,149.5
e892650abf,154.2
e89a37f223,584.6
e8a2b93409,126.7
e8a5c08c78,212.7
e8aaa3b768,156.8
e8b25fffc6,184.6
e8b2654248,227.3
e8c6c490be,601.5
e8d4bdd338,550.5
e8dff57b64,383.2
e8e8f28171,254.1
e8f24d22d8,107.0
e8f3fddfe5,259.5
e92cdbdb4f,352.6
e9322ca206,267.3
e933555a5a,200.5
e939361508,294.2
e93bad339f,500.3
e941d2a44e,354.6
e942936c68,439.4
e955465da1,123.4
e956443ebf,689.4
e957f8b53b,292.6
e979798a78,227.2
e98477172e,91.0
e9996eb256,383.6
e9a4959922,450.4
e9ad831d88,346.6
e9ad997473,438.6
e9ae6fc200,323.5
e9ae8fafd7,686.8
e9bfe89e7a,447.6
e9cdc2478b,155.5
e9d90437e6,430.9
e9da792e9c,696.5
e9df15ed0f,173.3
ea06e1958e,150.4
ea07bcb403,179.5
ea07eb2e38,389.3
ea2079b87f,277.0
ea2bdf6ad4,172.5
ea3e2a8ce3,118.5
ea3e480023,318.4
ea4387d777,239.3
ea49c47c79,278.4
ea5187f309,97.0
ea5774dd8b,292.3
ea5cdf5e35,563.9
ea5e04a895,155.4
ea65d51952,180.5
ea6c395fe1,537.8
ea738a22a8,177.3
ea7cce3446,222.5
ea9e4f36e8,158.4
ea9f377f71,438.3
eab1aaa08c,257.5
eacdd1a861,265.6
eadbad74cc,104.7
eae11511e2,262.4
eae44cd698,130.9
eae8582e7c,465.2
eafd6042a1,409.4
eb3ccc7760,317.5
eb3cf2c243,660.3
eb4e8bcaf4,131.6
eb625b55f0,350.6
eb63747736,290.4
eb68432e8a,696.5
eb6cafa141,309.3
eb6fa2b53b,231.6
eb79dc1cc1,116.1
ebc4e963dc,430.2
ebcfd7d4bd,103.7
ebffbf8721,256.5
ec0442a2e8,344.2
ec0ceca4e0,426.3
ec13833348,375.9
ec1c57b401,313.4
ec2009d762,234.4
ec3316cf80,508.5
ec534291be,527.7
ec55a98690,90.7
ec588a512c,244.3
ec69c5c9eb,635.7
ec7a3b4977,97.7
ec8e5ee150,92.7
ec9ecb297b,117.8
eca54569a3,520.6
ecb4cb3257,372.6
ecbee0b48c,394.7
ecc842a529,299.4
ecd3f887c7,116.4
ecdc6490a5,501.3
ecddf4bb68,102.5
ece3848046,362.1
ece9faaad0,469.0
ecf98a8c86,268.6
ecfac652d5,204.1
ed1046dea1,422.7
ed459d96d7,146.2
ed47d52c11,145.5
ed68ebd9f1,204.5
ed708d1d7b,347.8
ed78b859fb,252.6
ed7e7253bd,114.9
ed9010aa45,369.6
ed92d519cb,629.3
edb0018737,428.3
edb1629940,103.4
edc234d09d,189.5
edf83faa1f,311.5
ee0043519d,101.5
ee0acdc770,275.5
ee10cb50b2,162.6
ee2c8545f8,126.9
ee32fec8de,129.4
ee3b61c1e9,530.7
ee44a2061b,586.5
ee4c115384,665.1
ee596b0c88,253.1
ee5b3ffbeb,161.7
ee636d5aa4,345.5
ee74db27f0,427.2
ee98a87fc4,264.2
eea3a1c3a7,308.5
eeb8c36073,279.6
eebbcab473,91.7
eecd1be249,181.1
eeef1bc118,326.5
eefca6280a,379.6
ef0b542d87,204.5
ef1932584c,125.7
ef24842f6f,671.3
ef46838c93,463.1
ef4e3c20b3,314.2
ef4e5e6deb,703.5
ef592abb4f,244.7
ef5d1c43b5,267.7
ef70e2e438,512.2
ef71699536,267.2
efa4ea0658,111.4
efb7847582,236.4
efbe05ba65,113.8
efbf87d954,144.1
efcc34b1b7,240.8
efd23eab44,395.7
efd2d73709,120.6
efd89d2e14,369.5
effa210dfa,534.4
f020b29644,366.5
f027ad4dfb,362.7
f033a70cc9,183.2
f034948c0d,200.4
f03d773445,471.2
f0474b62c7,92.6
f04b9caeb2,132.3
f054e7e9a1,606.7
f06b509ee0,95.5
f07d108bf3,437.4
f08e512455,182.8
f091913631,321.0
f09d41d916,411.8
f0a63cfbe5,344.5
f0a7744d9c,562.3
f0b9b17e45,629.5
f0bef49a0d,592.5
f0c096e56b,289.0
f0d1aa1964,442.7
f0d46b1cd9,132.6
f0e4b92c74,410.7
f11766f30f,211.7
f11a0f1ca7,593.5
f11d3a28ab,357.2
f13f77afb9,668.4
f14762ef7b,197.7
f149255285,314.9
f14eca4257,645.8
f153018660,470.4
f1645551f8,404.6
f196e8e922,324.3
f1a9c78d17,276.2
f1d3230f1c,243.4
f1d827365b,149.4
f1ff3a0dbe,511.7
f206597c66,416.5
f2112696b7,97.5
f21512d410,388.1
f2240f777f,469.4
f24fb663b6,238.4
f25f094618,397.3
f26eb3d1d2,345.0
f2741f81eb,118.3
f2819d4483,576.8
f2991f6328,185.7
f29c974f54,337.6
f2a81de943,389.5
f2ae20470d,141.4
f2ce8b062a,102.6
f2d48e2a3e,497.7
f2e2c170b0,494.9
f2e47b55cb,149.8
f2e4e44af1,189.3
f2e886aa75,181.4
f2eb67714e,91.5
f2efd6c977,647.4
f2fa6d8673,174.4
f315b36087,599.5
f33ca0ac4e,238.5
f343b7dc60,204.2
f343c95d32,350.8
f349c38f6c,166.4
f34b70109b,171.4
f355752291,180.4
f3610ce12b,351.2
f363aba51b,160.5
f365636153,131.2
f372a7d2a9,208.5
f385467d41,120.8
f38f5d3bf1,91.9
f397031224,113.1
f39cf92045,400.7
f39facdf6b,109.7
f3a7696f65,322.7
f3acfc6934,255.7
f3aedca06d,208.9
f3b543fe38,238.8
f3b5f6d7e1,240.6
f3ccbbcf89,119.4
f3d6650abd,231.5
f3f656137a,220.2
f401a902d9,127.2
f40f8fc799,284.3
f425062d44,189.2
f42b2bd7ee,186.0
f42e737be3,183.4
f435a00950,239.1
f4378fd4af,121.6
f4455b02eb,104.2
f4479adb56,704.1
f453bcb81c,385.5
f45433b6c4,141.6
f45d84e3e9,203.2
f4673aa7f1,137.7
f46971f275,114.4
f46eeea7f4,294.6
f474bf543c,241.5
f47e600089,177.6
f480c43fcb,229.3
f483a65d3c,645.5
f496494572,369.6
f49cfbb3ce,252.6
f4afa30c5d,94.7
f4b29e5169,627.2
f4b337d8a8,697.8
f4c3ea8090,145.4
f4d9c65bdf,603.7
f4e1e9530a,493.3
f4e4c2a5e0,178.7
f4ededde57,509.0
f4fc6546ce,446.6
f50409ebb6,124.4
f521e2bb38,467.5
f52a617d96,157.4
f52c993b63,168.6
f54aaa8281,122.5
f551f52a74,676.5
f555fdf1d9,145.0
f55ca011d2,544.3
f5650b8de8,157.3
f56bb26669,284.3
f57c22bd21,512.4
f57c841887,512.2
f57ce8194a,122.2
f58189caf8,93.3
f58b4a7147,160.5
f5aaf7b0f3,187.5
f5b0976355,268.8
f5b19c72ef,574.6
f5b5936245,105.1
f5f3d090f3,533.5
f6116ee24c,186.4
f611832804,261.2
f62070c546,209.1
f62efd1e26,101.5
f63f5bc62e,240.5
f640587c93,210.2
f650ec7973,156.7
f65439c4a1,338.8
f664c86388,557.2
f665224cd4,172.8
f67aad6238,364.0
f690a62a0f,250.4
f6ad31f2d2,668.4
f6dff26b0b,110.7
f70787631f,147.3
f70ef395ad,250.2
f7113b8a04,146.1
f720dfee0d,441.2
f7252bb1e1,308.2
f726b090ec,213.3
f757c5ed0c,440.8
f75a95d802,113.7
f75e08807c,366.3
f768a4410c,200.7
f76ce221a1,296.6
f7974742cf,174.7
f7a5a5c0ce,379.2
f7ae7a6bad,471.4
f7b7e3acc6,117.5
f7bf26888e,240.2
f7d55caf2f,431.6
f7d67c17e1,138.7
f7dbd63d95,191.2
f7dc64f2a9,515.1
f7f2065f06,390.4
f7f31cff6a,135.1
f7f5a47445,145.5
f7fee30615,244.3
f801c3e4d0,115.5
f80d4d6a9a,418.7
f813e784bb,155.7
f8176bf175,552.7
f81f0317a8,631.7
f82841efd1,382.7
f83f63278a,586.5
f8422b890e,194.6
f84f7641bf,292.3
f85279a0fa,630.1
f857915218,147.6
f85fda9d3b,176.3
f860d4a7d0,339.6
f8754d9750,411.7
f87affe61f,213.3
f8c7a02546,181.5
f8d725a07c,113.6
f8d98a2dc5,241.3
f8dc7b9779,398.4
f8dc8cec66,390.4
f8e16f25ff,131.9
f8f2af97ea,464.3
f9145ac93b,446.6
f936869275,348.0
f939acdba5,663.7
f93a4493b7,125.6
f93c8c69ee,263.1
f947dd107f,121.3
f958154e29,308.6
f963dba716,178.6
f96ccb2e6e,545.4
f98f845bfb,474.5
f9ac13181b,115.3
f9b1f0c75a,90.7
f9d05751a8,108.8
f9e311a167,206.7
f9e6346b1d,229.5
f9f2e2d9d8,183.9
fa02d39a12,280.5
fa07e9f332,103.6
fa08ade21a,116.1
fa1b52dea7,422.6
fa1b801d66,108.8
fa1bbd29ae,605.9
fa210425c9,196.7
fa2b1aca95,282.5
fa314efb86,206.4
fa34030e58,138.7
fa3f979677,712.2
fa3fc80192,143.5
fa487078de,394.6
fa59864e12,253.5
fa59e62633,253.5
fa6ba71600,235.4
fa6f8e187d,174.2
fa7d245ebd,413.6
fa8291f657,249.7
fa8524b2c3,192.4
fa8a2c30d1,144.7
fab0cd5831,626.7
fab40971f6,277.5
fab89a34f1,250.4
fabb7a0b0a,163.2
fad96e2f49,251.0
fae30b8666,305.5
fae797d767,130.7
fae85f4a16,142.7
faea17f65b,723.4
faebd2b284,218.3
faf35df7cb,170.6
faff314a68,116.5
fb14d582c7,100.5
fb19de4622,214.5
fb1ad6f906,413.2
fb264d96db,151.7
fb3145ad37,512.4
fb39d2cbab,252.4
fb59c27b0e,351.2
fb6229c72a,205.5
fb756b5acc,154.0
fb75c0c3a4,198.7
fb7ef05eed,102.4
fb9191a9c1,111.6
fb973442fe,545.6
fb9f6e8d8f,107.4
fba2f02d60,298.4
fba3f72bca,470.5
fba9f046c4,571.6
fbb3beeed2,249.5
fbbe308873,560.2
fbc53057f2,141.5
fbca26fc3a,517.7
fbde5183da,220.3
fbe4ac2124,383.3
fbe9f8e599,140.5
fbec8b63f1,252.8
fbf9973be9,103.6
fc0145e4d3,534.0
fc077c0eb5,117.0
fc086dd11d,389.5
fc1ca09ceb,318.1
fc23019bd6,105.5
fc2f823281,410.4
fc4de94111,389.6
fc5e8d9430,282.0
fc78d53a60,190.5
fc7f400429,101.4
fc83ed1e43,107.3
fc8caf369a,118.6
fc93bb8469,101.8
fc964e41a6,288.3
fc9d046359,519.2
fc9d17c18c,368.6
fcc19a9862,152.0
fcce688b2b,375.6
fcd1f7378d,681.4
fcf5378ed6,216.3
fcf85ece46,389.4
fd0aa17c84,283.7
fd11709ba3,652.5
fd1ba34377,258.0
fd40f24c55,263.5
fd613caf17,494.6
fd61fbcd91,350.4
fd6e830392,382.4
fd7e36d5bb,157.5
fd9175961c,463.5
fda3e45df3,302.2
fda833ac4c,208.1
fdaa1f90d0,415.4
fdad27d998,169.5
fdaefb580f,441.7
fdc422137f,208.4
fdc6d1d3e2,549.3
fdcd100f21,555.4
fdd4c31a65,135.5
fdd9655672,448.3
fe05e888bf,302.8
fe105bb2db,91.5
fe1154d074,135.7
fe1c1c9be4,325.7
fe39e5ea7c,122.2
fe3b9a8fa2,270.2
fe45770ce8,211.2
fe5052455a,211.3
fe5c81b57f,603.0
fe5fed58c4,146.7
fe60d2b455,103.5
fe6daa027b,366.2
fe77511d11,326.5
fe7dc393e0,162.7
fe8a779b6c,701.6
fe8f099cdc,311.8
fe9bf14103,508.5
feb5babd9d,142.6
fec65ccf26,519.6
fecd47caf7,127.6
fecfe08bdc,316.0
fed7e1b262,93.2
fedbed9536,273.3
fee6afe28f,244.7
feec83958d,96.6
fef11ef166,652.7
ff026536cf,398.4
ff0c1adfdd,327.6
ff141372f3,472.7
ff1a2c6e01,364.5
ff2519f1c3,388.4
ff25741158,90.4
ff37274965,147.4
ff3e0ba228,337.3
ff52ebbfd1,221.7
ff573cbc9a,94.2
ff617b4a42,177.2
ff6f44b94a,155.6
ff716f83a3,91.4
ff738ac53f,109.2
ff7489c6f6,166.2
ff83ec66ce,174.7
ff8c9abfb8,171.0
ff8f964b25,224.7
ff92b3963b,214.3
ff98eee16c,324.4
ffa96a4f57,125.4
ffaeb2e3ce,651.5
ffc06f74ff,158.4
ffc46fd720,204.4
ffc5a319bb,397.4
ffd3e45675,703.3
ffe1f6b51a,315.3
ffec05edb9,319.4
